date_time,air_temp,humidity,wind_speed,wind_gust,cloud_layer_code,data_added_at
2025-02-18T18:40:00-0500,24.8,35.54,20.71,,1.0,2025-02-21 23:37:05
2025-02-18T18:45:00-0500,24.8,32.65,18.41,,1.0,2025-02-21 23:37:05
2025-02-18T18:50:00-0500,24.8,32.65,19.56,,606.0,2025-02-21 23:37:05
2025-02-18T18:51:00-0500,24.98,32.96,17.26,29.92,606.0,2025-02-21 23:37:05
2025-02-18T18:55:00-0500,24.8,32.65,17.26,,1.0,2025-02-21 23:37:05
2025-02-18T19:00:00-0500,24.8,32.65,16.11,,1.0,2025-02-21 23:37:05
2025-02-18T19:05:00-0500,24.8,35.54,16.11,,1.0,2025-02-21 23:37:05
2025-02-18T19:10:00-0500,24.8,32.65,17.26,,1.0,2025-02-21 23:37:05
2025-02-18T19:15:00-0500,24.8,35.54,17.26,24.17,1.0,2025-02-21 23:37:05
2025-02-18T19:20:00-0500,24.8,32.65,16.11,,1.0,2025-02-21 23:37:05
2025-02-18T19:25:00-0500,24.8,32.65,23.02,29.92,1.0,2025-02-21 23:37:05
2025-02-18T19:30:00-0500,24.8,32.65,19.56,,1.0,2025-02-21 23:37:05
2025-02-18T19:35:00-0500,24.8,32.65,21.86,29.92,1.0,2025-02-21 23:37:05
2025-02-18T19:40:00-0500,24.8,29.98,18.41,25.32,1.0,2025-02-21 23:37:05
2025-02-18T19:45:00-0500,24.8,32.65,23.02,33.37,1.0,2025-02-21 23:37:05
2025-02-18T19:50:00-0500,24.8,32.65,23.02,29.92,606.0,2025-02-21 23:37:05
2025-02-18T19:51:00-0500,24.08,32.8,23.02,35.67,606.0,2025-02-21 23:37:05
2025-02-18T19:55:00-0500,24.8,29.98,21.86,,1.0,2025-02-21 23:37:05
2025-02-18T20:00:00-0500,24.8,29.98,21.86,,1.0,2025-02-21 23:37:05
2025-02-18T20:05:00-0500,24.8,32.65,24.17,29.92,1.0,2025-02-21 23:37:05
2025-02-18T20:10:00-0500,24.8,29.98,23.02,33.37,1.0,2025-02-21 23:37:05
2025-02-18T20:15:00-0500,24.8,29.98,24.17,32.22,1.0,2025-02-21 23:37:05
2025-02-18T20:20:00-0500,24.8,32.65,19.56,27.62,1.0,2025-02-21 23:37:05
2025-02-18T20:25:00-0500,24.8,32.65,18.41,25.32,1.0,2025-02-21 23:37:05
2025-02-18T20:30:00-0500,24.8,32.65,18.41,,1.0,2025-02-21 23:37:05
2025-02-18T20:35:00-0500,24.8,32.65,16.11,,1.0,2025-02-21 23:37:05
2025-02-18T20:40:00-0500,24.8,32.65,17.26,,1.0,2025-02-21 23:37:05
2025-02-18T20:45:00-0500,24.8,29.98,19.56,26.47,1.0,2025-02-21 23:37:05
2025-02-18T20:50:00-0500,24.8,32.65,23.02,32.22,,2025-02-21 23:37:05
2025-02-18T20:51:00-0500,24.08,32.8,21.86,32.22,2506.0,2025-02-21 23:37:05
2025-02-18T20:55:00-0500,24.8,32.65,23.02,,1.0,2025-02-21 23:37:05
2025-02-18T21:00:00-0500,24.8,29.98,19.56,,1.0,2025-02-21 23:37:05
2025-02-18T21:05:00-0500,24.8,32.65,17.26,,1.0,2025-02-21 23:37:05
2025-02-18T21:10:00-0500,24.8,29.98,19.56,27.62,1.0,2025-02-21 23:37:05
2025-02-18T21:15:00-0500,24.8,29.98,19.56,26.47,1.0,2025-02-21 23:37:05
2025-02-18T21:20:00-0500,24.8,29.98,21.86,29.92,1.0,2025-02-21 23:37:05
2025-02-18T21:25:00-0500,24.8,32.65,21.86,28.77,1.0,2025-02-21 23:37:05
2025-02-18T21:30:00-0500,23.0,32.33,20.71,26.47,1.0,2025-02-21 23:37:05
2025-02-18T21:35:00-0500,23.0,32.33,24.17,31.07,1.0,2025-02-21 23:37:05
2025-02-18T21:40:00-0500,23.0,32.33,17.26,26.47,1.0,2025-02-21 23:37:05
2025-02-18T21:45:00-0500,23.0,32.33,18.41,25.32,,2025-02-21 23:37:05
2025-02-18T21:50:00-0500,23.0,29.66,19.56,29.92,,2025-02-21 23:37:05
2025-02-18T21:51:00-0500,23.0,29.66,20.71,33.37,2506.0,2025-02-21 23:37:05
2025-02-18T21:55:00-0500,23.0,32.33,21.86,29.92,1.0,2025-02-21 23:37:05
2025-02-18T22:00:00-0500,23.0,35.21,20.71,,1.0,2025-02-21 23:37:05
2025-02-18T22:05:00-0500,23.0,35.21,16.11,25.32,1.0,2025-02-21 23:37:05
2025-02-18T22:10:00-0500,23.0,29.66,17.26,,1.0,2025-02-21 23:37:05
2025-02-18T22:15:00-0500,23.0,29.66,16.11,,1.0,2025-02-21 23:37:05
2025-02-18T22:20:00-0500,23.0,32.33,16.11,25.32,1.0,2025-02-21 23:37:05
2025-02-18T22:25:00-0500,23.0,32.33,14.96,20.71,1.0,2025-02-21 23:37:05
2025-02-18T22:30:00-0500,23.0,27.19,20.71,29.92,1.0,2025-02-21 23:37:05
2025-02-18T22:35:00-0500,23.0,29.66,14.96,21.86,1.0,2025-02-21 23:37:05
2025-02-18T22:40:00-0500,23.0,32.33,13.81,,1.0,2025-02-21 23:37:05
2025-02-18T22:45:00-0500,21.2,32.0,18.41,,1.0,2025-02-21 23:37:05
2025-02-18T22:50:00-0500,23.0,32.33,16.11,,1.0,2025-02-21 23:37:05
2025-02-18T22:51:00-0500,23.0,32.61,16.11,27.62,1.0,2025-02-21 23:37:05
2025-02-18T22:55:00-0500,21.2,32.0,16.11,,1.0,2025-02-21 23:37:05
2025-02-18T23:00:00-0500,21.2,32.0,16.11,,1.0,2025-02-21 23:37:05
2025-02-18T23:05:00-0500,21.2,34.89,17.26,,1.0,2025-02-21 23:37:05
2025-02-18T23:10:00-0500,21.2,34.89,19.56,,1.0,2025-02-21 23:37:05
2025-02-18T23:15:00-0500,21.2,32.0,17.26,25.32,1.0,2025-02-21 23:37:05
2025-02-18T23:20:00-0500,21.2,32.0,16.11,,1.0,2025-02-21 23:37:05
2025-02-18T23:25:00-0500,21.2,32.0,14.96,20.71,1.0,2025-02-21 23:37:05
2025-02-18T23:30:00-0500,21.2,34.89,17.26,25.32,1.0,2025-02-21 23:37:05
2025-02-18T23:35:00-0500,21.2,32.0,14.96,,1.0,2025-02-21 23:37:05
2025-02-18T23:40:00-0500,21.2,29.34,16.11,,1.0,2025-02-21 23:37:05
2025-02-18T23:45:00-0500,21.2,32.0,12.66,,1.0,2025-02-21 23:37:05
2025-02-18T23:50:00-0500,21.2,32.0,16.11,,1.0,2025-02-21 23:37:05
2025-02-18T23:51:00-0500,21.92,31.04,14.96,27.62,1.0,2025-02-21 23:37:05
2025-02-18T23:55:00-0500,21.2,32.0,17.26,,1.0,2025-02-21 23:37:05
2025-02-19T00:00:00-0500,21.2,32.0,19.56,25.32,1.0,2025-02-21 23:37:05
2025-02-19T00:05:00-0500,21.2,32.0,16.11,,1.0,2025-02-21 23:37:05
2025-02-19T00:10:00-0500,21.2,34.89,18.41,24.17,1.0,2025-02-21 23:37:05
2025-02-19T00:15:00-0500,21.2,34.89,12.66,,1.0,2025-02-21 23:37:05
2025-02-19T00:20:00-0500,21.2,34.89,12.66,,1.0,2025-02-21 23:37:05
2025-02-19T00:25:00-0500,21.2,34.89,14.96,,1.0,2025-02-21 23:37:05
2025-02-19T00:30:00-0500,21.2,34.89,14.96,20.71,1.0,2025-02-21 23:37:05
2025-02-19T00:35:00-0500,21.2,34.89,13.81,,1.0,2025-02-21 23:37:05
2025-02-19T00:40:00-0500,21.2,34.89,14.96,21.86,1.0,2025-02-21 23:37:05
2025-02-19T00:45:00-0500,21.2,34.89,13.81,,1.0,2025-02-21 23:37:05
2025-02-19T00:50:00-0500,21.2,34.89,14.96,,1.0,2025-02-21 23:37:05
2025-02-19T00:51:00-0500,21.02,32.25,16.11,21.86,1.0,2025-02-21 23:37:05
2025-02-19T00:55:00-0500,21.2,32.0,14.96,,1.0,2025-02-21 23:37:05
2025-02-19T01:00:00-0500,21.2,32.0,14.96,,1.0,2025-02-21 23:37:05
2025-02-19T01:05:00-0500,21.2,34.89,17.26,,1.0,2025-02-21 23:37:05
2025-02-19T01:10:00-0500,21.2,34.89,16.11,24.17,1.0,2025-02-21 23:37:05
2025-02-19T01:15:00-0500,21.2,34.89,20.71,26.47,1.0,2025-02-21 23:37:05
2025-02-19T01:20:00-0500,21.2,34.89,13.81,19.56,1.0,2025-02-21 23:37:05
2025-02-19T01:25:00-0500,21.2,34.89,14.96,,1.0,2025-02-21 23:37:05
2025-02-19T01:30:00-0500,21.2,34.89,16.11,,1.0,2025-02-21 23:37:05
2025-02-19T01:35:00-0500,19.4,37.67,13.81,,1.0,2025-02-21 23:37:05
2025-02-19T01:40:00-0500,19.4,37.67,11.51,17.26,1.0,2025-02-21 23:37:05
2025-02-19T01:45:00-0500,19.4,37.67,11.51,,1.0,2025-02-21 23:37:05
2025-02-19T01:50:00-0500,19.4,37.67,16.11,,1.0,2025-02-21 23:37:05
2025-02-19T01:51:00-0500,19.94,35.56,14.96,,1.0,2025-02-21 23:37:05
2025-02-19T01:55:00-0500,19.4,37.67,16.11,,1.0,2025-02-21 23:37:05
2025-02-19T02:00:00-0500,19.4,37.67,19.56,25.32,1.0,2025-02-21 23:37:05
2025-02-19T02:05:00-0500,19.4,37.67,13.81,20.71,1.0,2025-02-21 23:37:05
2025-02-19T02:10:00-0500,19.4,37.67,12.66,,1.0,2025-02-21 23:37:05
2025-02-19T02:15:00-0500,19.4,37.67,11.51,,1.0,2025-02-21 23:37:05
2025-02-19T02:20:00-0500,19.4,37.67,12.66,,1.0,2025-02-21 23:37:05
2025-02-19T02:25:00-0500,19.4,37.67,17.26,,1.0,2025-02-21 23:37:05
2025-02-19T02:30:00-0500,19.4,37.67,13.81,20.71,1.0,2025-02-21 23:37:05
2025-02-19T02:35:00-0500,19.4,37.67,13.81,,1.0,2025-02-21 23:37:05
2025-02-19T02:40:00-0500,19.4,37.67,12.66,,1.0,2025-02-21 23:37:05
2025-02-19T02:45:00-0500,19.4,37.67,12.66,18.41,1.0,2025-02-21 23:37:05
2025-02-19T02:50:00-0500,19.4,37.67,13.81,,1.0,2025-02-21 23:37:05
2025-02-19T02:51:00-0500,19.94,37.13,12.66,24.17,1.0,2025-02-21 23:37:05
2025-02-19T02:55:00-0500,19.4,37.67,13.81,20.71,1.0,2025-02-21 23:37:05
2025-02-19T03:00:00-0500,19.4,37.67,13.81,20.71,1.0,2025-02-21 23:37:05
2025-02-19T03:05:00-0500,19.4,41.03,13.81,,1.0,2025-02-21 23:37:05
2025-02-19T03:10:00-0500,19.4,41.03,13.81,21.86,1.0,2025-02-21 23:37:05
2025-02-19T03:15:00-0500,19.4,41.03,13.81,,1.0,2025-02-21 23:37:05
2025-02-19T03:20:00-0500,19.4,37.67,14.96,20.71,1.0,2025-02-21 23:37:05
2025-02-19T03:25:00-0500,19.4,37.67,12.66,19.56,1.0,2025-02-21 23:37:05
2025-02-19T03:30:00-0500,19.4,41.03,19.56,26.47,1.0,2025-02-21 23:37:05
2025-02-19T03:35:00-0500,19.4,41.03,14.96,20.71,1.0,2025-02-21 23:37:05
2025-02-19T03:40:00-0500,19.4,41.03,14.96,,1.0,2025-02-21 23:37:05
2025-02-19T03:45:00-0500,19.4,41.03,16.11,,1.0,2025-02-21 23:37:05
2025-02-19T03:50:00-0500,19.4,41.03,14.96,,1.0,2025-02-21 23:37:05
2025-02-19T03:51:00-0500,19.94,40.78,14.96,26.47,1.0,2025-02-21 23:37:05
2025-02-19T03:55:00-0500,19.4,41.03,16.11,,1.0,2025-02-21 23:37:05
2025-02-19T04:00:00-0500,19.4,41.03,19.56,26.47,1.0,2025-02-21 23:37:05
2025-02-19T04:05:00-0500,19.4,41.03,17.26,,1.0,2025-02-21 23:37:05
2025-02-19T04:10:00-0500,19.4,41.03,13.81,19.56,1.0,2025-02-21 23:37:05
2025-02-19T04:15:00-0500,19.4,41.03,18.41,,1.0,2025-02-21 23:37:05
2025-02-19T04:20:00-0500,19.4,41.03,16.11,,1.0,2025-02-21 23:37:05
2025-02-19T04:25:00-0500,19.4,41.03,16.11,,1.0,2025-02-21 23:37:05
2025-02-19T04:30:00-0500,19.4,41.03,13.81,24.17,1.0,2025-02-21 23:37:05
2025-02-19T04:35:00-0500,19.4,41.03,16.11,24.17,1.0,2025-02-21 23:37:05
2025-02-19T04:40:00-0500,19.4,41.03,19.56,,1.0,2025-02-21 23:37:05
2025-02-19T04:45:00-0500,19.4,41.03,13.81,24.17,1.0,2025-02-21 23:37:05
2025-02-19T04:50:00-0500,19.4,41.03,17.26,,1.0,2025-02-21 23:37:05
2025-02-19T04:51:00-0500,19.04,40.62,16.11,24.17,2506.0,2025-02-21 23:37:05
2025-02-19T04:55:00-0500,19.4,41.03,17.26,,1.0,2025-02-21 23:37:05
2025-02-19T05:00:00-0500,19.4,41.03,13.81,21.86,1.0,2025-02-21 23:37:05
2025-02-19T05:05:00-0500,19.4,41.03,18.41,24.17,1.0,2025-02-21 23:37:05
2025-02-19T05:10:00-0500,19.4,41.03,17.26,,1.0,2025-02-21 23:37:05
2025-02-19T05:15:00-0500,19.4,41.03,17.26,26.47,1.0,2025-02-21 23:37:05
2025-02-19T05:20:00-0500,19.4,41.03,14.96,,1.0,2025-02-21 23:37:05
2025-02-19T05:25:00-0500,19.4,41.03,18.41,,1.0,2025-02-21 23:37:05
2025-02-19T05:30:00-0500,19.4,41.03,12.66,,,2025-02-21 23:37:05
2025-02-19T05:35:00-0500,19.4,41.03,12.66,20.71,,2025-02-21 23:37:05
2025-02-19T05:40:00-0500,19.4,41.03,13.81,,,2025-02-21 23:37:05
2025-02-19T05:45:00-0500,19.4,41.03,17.26,,,2025-02-21 23:37:05
2025-02-19T05:50:00-0500,19.4,41.03,14.96,20.71,,2025-02-21 23:37:05
2025-02-19T05:51:00-0500,19.04,42.38,14.96,24.17,2506.0,2025-02-21 23:37:05
2025-02-19T05:55:00-0500,19.4,41.03,12.66,,1.0,2025-02-21 23:37:05
2025-02-19T06:00:00-0500,19.4,41.03,14.96,25.32,1.0,2025-02-21 23:37:05
2025-02-19T06:05:00-0500,19.4,41.03,13.81,20.71,1.0,2025-02-21 23:37:05
2025-02-19T06:10:00-0500,19.4,41.03,11.51,17.26,1.0,2025-02-21 23:37:05
2025-02-19T06:15:00-0500,19.4,41.03,10.36,17.26,1.0,2025-02-21 23:37:05
2025-02-19T06:20:00-0500,19.4,41.03,14.96,,1.0,2025-02-21 23:37:05
2025-02-19T06:25:00-0500,19.4,41.03,14.96,21.86,1.0,2025-02-21 23:37:05
2025-02-19T06:30:00-0500,19.4,41.03,12.66,,1.0,2025-02-21 23:37:05
2025-02-19T06:35:00-0500,19.4,44.65,13.81,20.71,1.0,2025-02-21 23:37:05
2025-02-19T06:40:00-0500,19.4,41.03,16.11,21.86,1.0,2025-02-21 23:37:05
2025-02-19T06:45:00-0500,19.4,41.03,17.26,,1.0,2025-02-21 23:37:05
2025-02-19T06:50:00-0500,19.4,44.65,14.96,,906.0,2025-02-21 23:37:05
2025-02-19T06:51:00-0500,19.04,44.59,16.11,27.62,906.0,2025-02-21 23:37:05
2025-02-19T06:55:00-0500,19.4,44.65,18.41,,1.0,2025-02-21 23:37:05
2025-02-19T07:00:00-0500,19.4,44.65,17.26,24.17,1.0,2025-02-21 23:37:05
2025-02-19T07:05:00-0500,17.6,48.25,17.26,,1.0,2025-02-21 23:37:05
2025-02-19T07:10:00-0500,19.4,44.65,17.26,,1.0,2025-02-21 23:37:05
2025-02-19T07:15:00-0500,19.4,44.65,11.51,,1.0,2025-02-21 23:37:05
2025-02-19T07:20:00-0500,19.4,44.65,14.96,21.86,1.0,2025-02-21 23:37:05
2025-02-19T07:25:00-0500,19.4,44.65,13.81,20.71,1.0,2025-02-21 23:37:05
2025-02-19T07:30:00-0500,19.4,44.65,13.81,20.71,1.0,2025-02-21 23:37:05
2025-02-19T07:35:00-0500,19.4,44.65,13.81,,1.0,2025-02-21 23:37:05
2025-02-19T07:40:00-0500,19.4,44.65,13.81,,1.0,2025-02-21 23:37:05
2025-02-19T07:45:00-0500,19.4,41.03,13.81,,1.0,2025-02-21 23:37:05
2025-02-19T07:50:00-0500,19.4,44.65,13.81,,906.0,2025-02-21 23:37:05
2025-02-19T07:51:00-0500,19.04,44.59,14.96,26.47,906.0,2025-02-21 23:37:05
2025-02-19T07:55:00-0500,19.4,44.65,17.26,,1.0,2025-02-21 23:37:05
2025-02-19T08:00:00-0500,19.4,44.65,17.26,,1.0,2025-02-21 23:37:05
2025-02-19T08:05:00-0500,19.4,44.65,17.26,,1.0,2025-02-21 23:37:05
2025-02-19T08:10:00-0500,19.4,44.65,13.81,,1.0,2025-02-21 23:37:05
2025-02-19T08:15:00-0500,19.4,44.65,18.41,24.17,1.0,2025-02-21 23:37:05
2025-02-19T08:20:00-0500,19.4,44.65,18.41,24.17,1.0,2025-02-21 23:37:05
2025-02-19T08:25:00-0500,19.4,44.65,16.11,,1.0,2025-02-21 23:37:05
2025-02-19T08:30:00-0500,19.4,44.65,18.41,,1.0,2025-02-21 23:37:05
2025-02-19T08:40:00-0500,19.4,48.56,18.41,,1.0,2025-02-21 23:37:05
2025-02-19T08:45:00-0500,19.4,48.56,13.81,20.71,1.0,2025-02-21 23:37:05
2025-02-19T08:50:00-0500,19.4,48.56,18.41,,906.0,2025-02-21 23:37:05
2025-02-19T08:51:00-0500,19.94,47.06,17.26,,906.0,2025-02-21 23:37:05
2025-02-19T08:55:00-0500,19.4,48.56,14.96,,1.0,2025-02-21 23:37:05
2025-02-19T09:00:00-0500,21.2,44.97,14.96,,1.0,2025-02-21 23:37:05
2025-02-19T09:05:00-0500,21.2,44.97,16.11,24.17,1.0,2025-02-21 23:37:05
2025-02-19T09:10:00-0500,21.2,44.97,16.11,,1.0,2025-02-21 23:37:05
2025-02-19T09:15:00-0500,21.2,44.97,16.11,,1.0,2025-02-21 23:37:05
2025-02-19T09:20:00-0500,21.2,44.97,16.11,21.86,1.0,2025-02-21 23:37:05
2025-02-19T09:25:00-0500,21.2,44.97,13.81,20.71,1.0,2025-02-21 23:37:05
2025-02-19T09:30:00-0500,21.2,44.97,16.11,,1.0,2025-02-21 23:37:05
2025-02-19T09:40:00-0500,21.2,44.97,17.26,24.17,1.0,2025-02-21 23:37:05
2025-02-19T09:45:00-0500,21.2,44.97,16.11,,1206.0,2025-02-21 23:37:05
2025-02-19T09:50:00-0500,21.2,44.97,16.11,21.86,1206.0,2025-02-21 23:37:05
2025-02-19T09:51:00-0500,21.92,43.26,14.96,24.17,1206.0,2025-02-21 23:37:05
2025-02-19T09:55:00-0500,21.2,44.97,18.41,25.32,1.0,2025-02-21 23:37:05
2025-02-19T10:00:00-0500,21.2,44.97,17.26,,1.0,2025-02-21 23:37:05
2025-02-19T10:05:00-0500,23.0,41.68,18.41,,1.0,2025-02-21 23:37:05
2025-02-19T10:10:00-0500,23.0,41.68,18.41,24.17,1.0,2025-02-21 23:37:05
2025-02-19T10:15:00-0500,23.0,41.68,17.26,,1.0,2025-02-21 23:37:05
2025-02-19T10:20:00-0500,23.0,41.68,19.56,,1.0,2025-02-21 23:37:05
2025-02-19T10:25:00-0500,24.8,38.65,19.56,25.32,1.0,2025-02-21 23:37:05
2025-02-19T10:30:00-0500,23.0,41.68,14.96,20.71,1.0,2025-02-21 23:37:05
2025-02-19T10:35:00-0500,24.8,38.65,18.41,24.17,1.0,2025-02-21 23:37:05
2025-02-19T10:40:00-0500,24.8,38.65,17.26,,1.0,2025-02-21 23:37:05
2025-02-19T10:45:00-0500,24.8,38.65,17.26,25.32,1.0,2025-02-21 23:37:05
2025-02-19T10:50:00-0500,24.8,42.0,16.11,,456.0,2025-02-21 23:37:05
2025-02-19T10:51:00-0500,24.98,39.66,14.96,26.47,456.0,2025-02-21 23:37:05
2025-02-19T10:55:00-0500,24.8,42.0,18.41,25.32,1.0,2025-02-21 23:37:05
2025-02-19T11:00:00-0500,24.8,42.0,18.41,25.32,1.0,2025-02-21 23:37:05
2025-02-19T11:05:00-0500,24.8,42.0,20.71,,1.0,2025-02-21 23:37:05
2025-02-19T11:10:00-0500,24.8,42.0,20.71,,1.0,2025-02-21 23:37:05
2025-02-19T11:15:00-0500,24.8,42.0,21.86,,1.0,2025-02-21 23:37:05
2025-02-19T11:20:00-0500,24.8,42.0,17.26,,1.0,2025-02-21 23:37:05
2025-02-19T11:25:00-0500,26.6,38.97,19.56,,1.0,2025-02-21 23:37:05
2025-02-19T11:30:00-0500,26.6,38.97,14.96,,1.0,2025-02-21 23:37:05
2025-02-19T11:35:00-0500,26.6,38.97,16.11,,1.0,2025-02-21 23:37:05
2025-02-19T11:40:00-0500,26.6,35.86,17.26,,1.0,2025-02-21 23:37:05
2025-02-19T11:45:00-0500,26.6,38.97,16.11,25.32,476.0,2025-02-21 23:37:05
2025-02-19T11:50:00-0500,26.6,42.31,14.96,,476.0,2025-02-21 23:37:05
2025-02-19T11:51:00-0500,26.96,40.34,13.81,26.47,476.0,2025-02-21 23:37:05
2025-02-19T11:55:00-0500,26.6,35.86,13.81,26.47,1.0,2025-02-21 23:37:05
2025-02-19T12:00:00-0500,26.6,35.86,11.51,,1.0,2025-02-21 23:37:05
2025-02-19T12:05:00-0500,26.6,35.86,11.51,18.41,1.0,2025-02-21 23:37:05
2025-02-19T12:10:00-0500,28.4,33.29,13.81,,1.0,2025-02-21 23:37:05
2025-02-19T12:15:00-0500,26.6,35.86,9.21,,1.0,2025-02-21 23:37:05
2025-02-19T12:20:00-0500,28.4,33.29,16.11,,1.0,2025-02-21 23:37:05
2025-02-19T12:25:00-0500,28.4,36.18,11.51,,1.0,2025-02-21 23:37:05
2025-02-19T12:30:00-0500,28.4,39.29,9.21,,1.0,2025-02-21 23:37:05
2025-02-19T12:35:00-0500,28.4,36.18,12.66,,1.0,2025-02-21 23:37:05
2025-02-19T12:40:00-0500,28.4,39.29,13.81,,1.0,2025-02-21 23:37:05
2025-02-19T12:45:00-0500,28.4,39.29,16.11,,1.0,2025-02-21 23:37:05
2025-02-19T12:50:00-0500,28.4,39.29,16.11,,506.0,2025-02-21 23:37:05
2025-02-19T12:51:00-0500,28.94,37.19,17.26,,506.0,2025-02-21 23:37:05
2025-02-19T12:55:00-0500,28.4,36.18,13.81,,1.0,2025-02-21 23:37:05
2025-02-19T13:00:00-0500,30.2,36.5,18.41,,1.0,2025-02-21 23:37:05
2025-02-19T13:05:00-0500,30.2,33.61,18.41,25.32,1.0,2025-02-21 23:37:05
2025-02-19T13:10:00-0500,30.2,36.5,18.41,,1.0,2025-02-21 23:37:05
2025-02-19T13:15:00-0500,30.2,36.5,17.26,25.32,1.0,2025-02-21 23:37:05
2025-02-19T13:20:00-0500,30.2,36.5,14.96,20.71,1.0,2025-02-21 23:37:05
2025-02-19T13:25:00-0500,30.2,33.61,13.81,,1.0,2025-02-21 23:37:05
2025-02-19T13:30:00-0500,30.2,36.5,12.66,,1.0,2025-02-21 23:37:05
2025-02-19T13:35:00-0500,30.2,36.5,13.81,,1.0,2025-02-21 23:37:05
2025-02-19T13:40:00-0500,30.2,36.5,16.11,,1.0,2025-02-21 23:37:05
2025-02-19T13:45:00-0500,30.2,36.5,13.81,,506.0,2025-02-21 23:37:05
2025-02-19T13:50:00-0500,30.2,36.5,16.11,,506.0,2025-02-21 23:37:05
2025-02-19T13:51:00-0500,30.02,37.07,17.26,24.17,506.0,2025-02-21 23:37:05
2025-02-19T13:55:00-0500,30.2,36.5,13.81,,506.0,2025-02-21 23:37:05
2025-02-19T14:00:00-0500,30.2,36.5,14.96,20.71,506.0,2025-02-21 23:37:05
2025-02-19T14:05:00-0500,30.2,36.5,16.11,,506.0,2025-02-21 23:37:05
2025-02-19T14:10:00-0500,30.2,36.5,16.11,,506.0,2025-02-21 23:37:05
2025-02-19T14:15:00-0500,30.2,36.5,11.51,,506.0,2025-02-21 23:37:05
2025-02-19T14:20:00-0500,30.2,36.5,18.41,,506.0,2025-02-21 23:37:05
2025-02-19T14:25:00-0500,30.2,36.5,14.96,,506.0,2025-02-21 23:37:05
2025-02-19T14:30:00-0500,30.2,36.5,17.26,,506.0,2025-02-21 23:37:05
2025-02-19T14:35:00-0500,30.2,36.5,14.96,,506.0,2025-02-21 23:37:05
2025-02-19T14:40:00-0500,30.2,36.5,17.26,,506.0,2025-02-21 23:37:05
2025-02-19T14:45:00-0500,30.2,36.5,14.96,,506.0,2025-02-21 23:37:05
2025-02-19T14:50:00-0500,30.2,39.61,12.66,,506.0,2025-02-21 23:37:05
2025-02-19T14:51:00-0500,30.02,38.94,12.66,,506.0,2025-02-21 23:37:05
2025-02-19T15:00:00-0500,30.2,39.61,13.81,,,2025-02-21 23:37:05
2025-02-19T15:05:00-0500,30.2,39.61,14.96,,,2025-02-21 23:37:05
2025-02-19T15:10:00-0500,30.2,39.61,14.96,,,2025-02-21 23:37:05
2025-02-19T15:15:00-0500,30.2,36.5,14.96,,,2025-02-21 23:37:05
2025-02-19T15:20:00-0500,30.2,39.61,16.11,,,2025-02-21 23:37:05
2025-02-19T15:25:00-0500,30.2,36.5,16.11,,1.0,2025-02-21 23:37:05
2025-02-19T15:30:00-0500,30.2,39.61,19.56,,1.0,2025-02-21 23:37:05
2025-02-19T15:35:00-0500,30.2,39.61,16.11,,1.0,2025-02-21 23:37:05
2025-02-19T15:40:00-0500,30.2,36.5,13.81,,1.0,2025-02-21 23:37:05
2025-02-19T15:45:00-0500,30.2,36.5,14.96,,1.0,2025-02-21 23:37:05
2025-02-19T15:50:00-0500,30.2,39.61,14.96,,553.0,2025-02-21 23:37:05
2025-02-19T15:51:00-0500,30.02,38.94,12.66,,553.0,2025-02-21 23:37:05
2025-02-19T15:55:00-0500,30.2,39.61,14.96,,1.0,2025-02-21 23:37:05
2025-02-19T16:00:00-0500,30.2,39.61,13.81,,1.0,2025-02-21 23:37:05
2025-02-19T16:05:00-0500,30.2,39.61,13.81,,1.0,2025-02-21 23:37:05
2025-02-19T16:10:00-0500,30.2,39.61,14.96,,1.0,2025-02-21 23:37:05
2025-02-19T16:15:00-0500,30.2,39.61,11.51,,1.0,2025-02-21 23:37:05
2025-02-19T16:20:00-0500,30.2,39.61,12.66,,1.0,2025-02-21 23:37:05
2025-02-19T16:25:00-0500,30.2,39.61,14.96,,1.0,2025-02-21 23:37:05
2025-02-19T16:30:00-0500,30.2,36.5,9.21,,1.0,2025-02-21 23:37:05
2025-02-19T16:35:00-0500,30.2,39.61,13.81,,1.0,2025-02-21 23:37:05
2025-02-19T16:40:00-0500,30.2,39.61,10.36,,1.0,2025-02-21 23:37:05
2025-02-19T16:45:00-0500,30.2,39.61,16.11,,1.0,2025-02-21 23:37:05
2025-02-19T16:50:00-0500,30.2,39.61,13.81,,552.0,2025-02-21 23:37:05
2025-02-19T16:51:00-0500,30.02,38.94,13.81,,552.0,2025-02-21 23:37:05
2025-02-19T16:55:00-0500,28.4,42.63,10.36,,1.0,2025-02-21 23:37:05
2025-02-19T17:00:00-0500,28.4,39.29,11.51,17.26,1206.0,2025-02-21 23:37:05
2025-02-19T17:05:00-0500,28.4,42.63,16.11,,1206.0,2025-02-21 23:37:05
2025-02-19T17:10:00-0500,28.4,42.63,14.96,,1206.0,2025-02-21 23:37:05
2025-02-19T17:15:00-0500,28.4,42.63,17.26,,1206.0,2025-02-21 23:37:05
2025-02-19T17:20:00-0500,28.4,42.63,12.66,,1206.0,2025-02-21 23:37:05
2025-02-19T17:25:00-0500,28.4,42.63,14.96,,1206.0,2025-02-21 23:37:05
2025-02-19T17:30:00-0500,28.4,42.63,14.96,,1202.0,2025-02-21 23:37:05
2025-02-19T17:35:00-0500,28.4,42.63,14.96,,1202.0,2025-02-21 23:37:05
2025-02-19T17:40:00-0500,28.4,42.63,13.81,19.56,1206.0,2025-02-21 23:37:05
2025-02-19T17:45:00-0500,28.4,42.63,13.81,,1206.0,2025-02-21 23:37:05
2025-02-19T17:50:00-0500,28.4,42.63,13.81,,552.0,2025-02-21 23:37:05
2025-02-19T17:51:00-0500,28.04,42.22,13.81,,552.0,2025-02-21 23:37:05
2025-02-19T17:55:00-0500,28.4,42.63,12.66,,1106.0,2025-02-21 23:37:05
2025-02-19T18:00:00-0500,28.4,42.63,16.11,,1.0,2025-02-21 23:37:05
2025-02-19T18:05:00-0500,28.4,42.63,16.11,,1.0,2025-02-21 23:37:05
2025-02-19T18:10:00-0500,28.4,42.63,14.96,,1.0,2025-02-21 23:37:05
2025-02-19T18:15:00-0500,28.4,42.63,13.81,,1.0,2025-02-21 23:37:05
2025-02-19T18:20:00-0500,28.4,42.63,14.96,,1106.0,2025-02-21 23:37:05
2025-02-19T18:25:00-0500,28.4,42.63,14.96,,1002.0,2025-02-21 23:37:05
2025-02-19T18:30:00-0500,28.4,42.63,13.81,,1003.0,2025-02-21 23:37:05
2025-02-19T18:35:00-0500,28.4,42.63,16.11,,1003.0,2025-02-21 23:37:05
2025-02-19T18:40:00-0500,28.4,42.63,16.11,,1003.0,2025-02-21 23:37:05
2025-02-19T18:45:00-0500,28.4,42.63,13.81,19.56,1002.0,2025-02-21 23:37:05
2025-02-19T18:50:00-0500,28.4,42.63,17.26,,556.0,2025-02-21 23:37:05
2025-02-19T18:51:00-0500,28.04,43.98,14.96,,556.0,2025-02-21 23:37:05
2025-02-19T18:55:00-0500,26.6,45.92,13.81,,1006.0,2025-02-21 23:37:05
2025-02-19T19:00:00-0500,26.6,45.92,14.96,,1006.0,2025-02-21 23:37:05
2025-02-19T19:05:00-0500,26.6,45.92,13.81,,1.0,2025-02-21 23:37:05
2025-02-19T19:10:00-0500,26.6,45.92,16.11,,1.0,2025-02-21 23:37:05
2025-02-19T19:15:00-0500,26.6,45.92,17.26,,1.0,2025-02-21 23:37:05
2025-02-19T19:20:00-0500,26.6,45.92,14.96,,1.0,2025-02-21 23:37:05
2025-02-19T19:25:00-0500,26.6,45.92,14.96,20.71,1.0,2025-02-21 23:37:05
2025-02-19T19:30:00-0500,26.6,45.92,16.11,,1.0,2025-02-21 23:37:05
2025-02-19T19:35:00-0500,26.6,45.92,12.66,19.56,1.0,2025-02-21 23:37:05
2025-02-19T19:40:00-0500,26.6,45.92,14.96,,1.0,2025-02-21 23:37:05
2025-02-19T19:45:00-0500,26.6,45.92,17.26,,1.0,2025-02-21 23:37:05
2025-02-19T19:50:00-0500,26.6,45.92,14.96,,556.0,2025-02-21 23:37:05
2025-02-19T19:51:00-0500,26.06,45.82,16.11,,556.0,2025-02-21 23:37:05
2025-02-19T19:55:00-0500,26.6,45.92,14.96,,1.0,2025-02-21 23:37:05
2025-02-19T20:00:00-0500,26.6,45.92,16.11,,1.0,2025-02-21 23:37:05
2025-02-19T20:05:00-0500,26.6,45.92,14.96,20.71,1.0,2025-02-21 23:37:05
2025-02-19T20:10:00-0500,26.6,45.92,16.11,21.86,1.0,2025-02-21 23:37:05
2025-02-19T20:15:00-0500,26.6,45.92,14.96,,1.0,2025-02-21 23:37:05
2025-02-19T20:20:00-0500,26.6,45.92,16.11,,1.0,2025-02-21 23:37:05
2025-02-19T20:25:00-0500,26.6,45.92,14.96,20.71,1.0,2025-02-21 23:37:05
2025-02-19T20:30:00-0500,26.6,45.92,13.81,,1.0,2025-02-21 23:37:05
2025-02-19T20:35:00-0500,26.6,45.92,13.81,,1.0,2025-02-21 23:37:05
2025-02-19T20:40:00-0500,26.6,45.92,13.81,19.56,1.0,2025-02-21 23:37:05
2025-02-19T20:45:00-0500,26.6,45.92,14.96,,1.0,2025-02-21 23:37:05
2025-02-19T20:50:00-0500,26.6,45.92,14.96,,1006.0,2025-02-21 23:37:05
2025-02-19T20:51:00-0500,26.06,45.82,14.96,,1006.0,2025-02-21 23:37:05
2025-02-19T20:55:00-0500,26.6,45.92,13.81,,1.0,2025-02-21 23:37:05
2025-02-19T21:00:00-0500,26.6,45.92,13.81,19.56,1.0,2025-02-21 23:37:05
2025-02-19T21:05:00-0500,26.6,45.92,14.96,20.71,1.0,2025-02-21 23:37:05
2025-02-19T21:10:00-0500,26.6,45.92,12.66,,1.0,2025-02-21 23:37:05
2025-02-19T21:15:00-0500,26.6,45.92,16.11,,1.0,2025-02-21 23:37:05
2025-02-19T21:20:00-0500,26.6,45.92,13.81,,1.0,2025-02-21 23:37:05
2025-02-19T21:25:00-0500,26.6,45.92,13.81,,1.0,2025-02-21 23:37:05
2025-02-19T21:30:00-0500,26.6,45.92,11.51,17.26,1.0,2025-02-21 23:37:05
2025-02-19T21:35:00-0500,24.8,49.48,12.66,,1.0,2025-02-21 23:37:05
2025-02-19T21:40:00-0500,24.8,49.48,13.81,,1.0,2025-02-21 23:37:05
2025-02-19T21:45:00-0500,24.8,49.48,14.96,,1.0,2025-02-21 23:37:05
2025-02-19T21:50:00-0500,24.8,49.48,12.66,,,2025-02-21 23:37:05
2025-02-19T21:51:00-0500,24.98,47.93,11.51,,1802.0,2025-02-21 23:37:05
2025-02-19T21:55:00-0500,24.8,49.48,16.11,,1.0,2025-02-21 23:37:05
2025-02-19T22:00:00-0500,24.8,49.48,14.96,,1.0,2025-02-21 23:37:05
2025-02-19T22:05:00-0500,24.8,49.48,16.11,,1.0,2025-02-21 23:37:05
2025-02-19T22:10:00-0500,24.8,49.48,12.66,,1.0,2025-02-21 23:37:05
2025-02-19T22:15:00-0500,24.8,49.48,12.66,,1.0,2025-02-21 23:37:05
2025-02-19T22:20:00-0500,24.8,49.48,13.81,,1.0,2025-02-21 23:37:05
2025-02-19T22:25:00-0500,24.8,45.6,11.51,,1.0,2025-02-21 23:37:05
2025-02-19T22:30:00-0500,24.8,49.48,11.51,,,2025-02-21 23:37:05
2025-02-19T22:35:00-0500,24.8,49.48,12.66,,,2025-02-21 23:37:05
2025-02-19T22:40:00-0500,24.8,45.6,11.51,,,2025-02-21 23:37:05
2025-02-19T22:45:00-0500,24.8,45.6,11.51,,,2025-02-21 23:37:05
2025-02-19T22:50:00-0500,24.8,45.6,13.81,,,2025-02-21 23:37:05
2025-02-19T22:51:00-0500,24.08,47.38,13.81,,2503.0,2025-02-21 23:37:05
2025-02-19T22:55:00-0500,24.8,45.6,11.51,,1.0,2025-02-21 23:37:05
2025-02-19T23:00:00-0500,24.8,45.6,10.36,,1.0,2025-02-21 23:37:05
2025-02-19T23:05:00-0500,24.8,45.6,9.21,,1.0,2025-02-21 23:37:05
2025-02-19T23:10:00-0500,24.8,49.48,10.36,,1.0,2025-02-21 23:37:05
2025-02-19T23:15:00-0500,24.8,45.6,11.51,,1.0,2025-02-21 23:37:05
2025-02-19T23:20:00-0500,24.8,45.6,11.51,,1.0,2025-02-21 23:37:05
2025-02-19T23:25:00-0500,24.8,45.6,9.21,,1.0,2025-02-21 23:37:05
2025-02-19T23:30:00-0500,24.8,45.6,11.51,,1.0,2025-02-21 23:37:05
2025-02-19T23:35:00-0500,24.8,45.6,11.51,,1.0,2025-02-21 23:37:05
2025-02-19T23:40:00-0500,24.8,45.6,12.66,,1.0,2025-02-21 23:37:05
2025-02-19T23:45:00-0500,24.8,45.6,12.66,,,2025-02-21 23:37:05
2025-02-19T23:50:00-0500,24.8,45.6,13.81,,,2025-02-21 23:37:05
2025-02-19T23:51:00-0500,24.08,47.38,13.81,,2503.0,2025-02-21 23:37:05
2025-02-19T23:55:00-0500,24.8,45.6,13.81,,1.0,2025-02-21 23:37:05
2025-02-20T00:00:00-0500,24.8,45.6,11.51,,1.0,2025-02-21 23:37:05
2025-02-20T00:05:00-0500,24.8,45.6,11.51,,1.0,2025-02-21 23:37:05
2025-02-20T00:10:00-0500,24.8,45.6,12.66,,1.0,2025-02-21 23:37:05
2025-02-20T00:15:00-0500,24.8,45.6,12.66,,1.0,2025-02-21 23:37:05
2025-02-20T00:20:00-0500,24.8,45.6,13.81,,1.0,2025-02-21 23:37:05
2025-02-20T00:25:00-0500,24.8,45.6,10.36,,1.0,2025-02-21 23:37:05
2025-02-20T00:30:00-0500,24.8,45.6,13.81,,1.0,2025-02-21 23:37:05
2025-02-20T00:35:00-0500,23.0,49.18,11.51,,1.0,2025-02-21 23:37:05
2025-02-20T00:40:00-0500,23.0,49.18,10.36,,1.0,2025-02-21 23:37:05
2025-02-20T00:45:00-0500,23.0,49.18,11.51,,,2025-02-21 23:37:05
2025-02-20T00:50:00-0500,23.0,49.18,9.21,,,2025-02-21 23:37:05
2025-02-20T00:51:00-0500,23.0,49.58,9.21,,2503.0,2025-02-21 23:37:05
2025-02-20T00:55:00-0500,23.0,53.36,10.36,,1.0,2025-02-21 23:37:05
2025-02-20T01:00:00-0500,23.0,49.18,10.36,16.11,1.0,2025-02-21 23:37:05
2025-02-20T01:05:00-0500,23.0,49.18,10.36,,,2025-02-21 23:37:05
2025-02-20T01:10:00-0500,23.0,49.18,12.66,,,2025-02-21 23:37:05
2025-02-20T01:15:00-0500,23.0,49.18,13.81,,,2025-02-21 23:37:05
2025-02-20T01:20:00-0500,23.0,49.18,12.66,,,2025-02-21 23:37:05
2025-02-20T01:25:00-0500,23.0,49.18,10.36,,,2025-02-21 23:37:05
2025-02-20T01:30:00-0500,23.0,49.18,9.21,,,2025-02-21 23:37:05
2025-02-20T01:35:00-0500,23.0,49.18,11.51,,,2025-02-21 23:37:05
2025-02-20T01:40:00-0500,23.0,49.18,10.36,,,2025-02-21 23:37:05
2025-02-20T01:45:00-0500,21.2,53.07,12.66,,,2025-02-21 23:37:05
2025-02-20T01:50:00-0500,21.2,53.07,9.21,,,2025-02-21 23:37:05
2025-02-20T01:51:00-0500,21.92,51.9,8.06,,2503.0,2025-02-21 23:37:05
2025-02-20T01:55:00-0500,21.2,53.07,9.21,,1.0,2025-02-21 23:37:05
2025-02-20T02:00:00-0500,21.2,53.07,10.36,,1.0,2025-02-21 23:37:05
2025-02-20T02:05:00-0500,21.2,53.07,10.36,,1.0,2025-02-21 23:37:05
2025-02-20T02:10:00-0500,21.2,53.07,11.51,,1.0,2025-02-21 23:37:05
2025-02-20T02:15:00-0500,21.2,53.07,11.51,,1.0,2025-02-21 23:37:05
2025-02-20T02:20:00-0500,21.2,53.07,10.36,,1.0,2025-02-21 23:37:05
2025-02-20T02:25:00-0500,21.2,53.07,9.21,,1.0,2025-02-21 23:37:05
2025-02-20T02:30:00-0500,21.2,53.07,8.06,,1.0,2025-02-21 23:37:05
2025-02-20T02:35:00-0500,21.2,53.07,10.36,,1.0,2025-02-21 23:37:05
2025-02-20T02:40:00-0500,21.2,53.07,10.36,,1.0,2025-02-21 23:37:05
2025-02-20T02:45:00-0500,21.2,53.07,9.21,,,2025-02-21 23:37:05
2025-02-20T02:50:00-0500,21.2,53.07,9.21,,,2025-02-21 23:37:05
2025-02-20T02:51:00-0500,21.02,51.75,9.21,,2503.0,2025-02-21 23:37:05
2025-02-20T02:55:00-0500,21.2,53.07,9.21,,,2025-02-21 23:37:05
2025-02-20T03:00:00-0500,21.2,53.07,9.21,,,2025-02-21 23:37:05
2025-02-20T03:05:00-0500,21.2,53.07,9.21,,,2025-02-21 23:37:05
2025-02-20T03:10:00-0500,21.2,53.07,8.06,,,2025-02-21 23:37:05
2025-02-20T03:15:00-0500,21.2,53.07,10.36,,,2025-02-21 23:37:05
2025-02-20T03:20:00-0500,21.2,53.07,8.06,,,2025-02-21 23:37:05
2025-02-20T03:25:00-0500,21.2,53.07,6.91,,,2025-02-21 23:37:05
2025-02-20T03:30:00-0500,21.2,53.07,9.21,,,2025-02-21 23:37:05
2025-02-20T03:35:00-0500,21.2,53.07,9.21,,,2025-02-21 23:37:05
2025-02-20T03:40:00-0500,21.2,53.07,9.21,,,2025-02-21 23:37:05
2025-02-20T03:45:00-0500,21.2,53.07,6.91,,,2025-02-21 23:37:05
2025-02-20T03:50:00-0500,21.2,53.07,6.91,,,2025-02-21 23:37:05
2025-02-20T03:51:00-0500,21.02,53.92,6.91,,2503.0,2025-02-21 23:37:05
2025-02-20T03:55:00-0500,21.2,53.07,8.06,,1.0,2025-02-21 23:37:05
2025-02-20T04:00:00-0500,21.2,53.07,6.91,,1.0,2025-02-21 23:37:05
2025-02-20T04:05:00-0500,21.2,53.07,8.06,,1.0,2025-02-21 23:37:05
2025-02-20T04:10:00-0500,19.4,57.3,6.91,,1.0,2025-02-21 23:37:05
2025-02-20T04:15:00-0500,21.2,53.07,9.21,,1.0,2025-02-21 23:37:05
2025-02-20T04:20:00-0500,21.2,53.07,8.06,,1.0,2025-02-21 23:37:05
2025-02-20T04:25:00-0500,21.2,53.07,9.21,,1.0,2025-02-21 23:37:05
2025-02-20T04:30:00-0500,21.2,53.07,9.21,,1.0,2025-02-21 23:37:05
2025-02-20T04:35:00-0500,21.2,53.07,6.91,,1.0,2025-02-21 23:37:05
2025-02-20T04:40:00-0500,21.2,53.07,8.06,,1.0,2025-02-21 23:37:05
2025-02-20T04:45:00-0500,21.2,53.07,8.06,,,2025-02-21 23:37:05
2025-02-20T04:50:00-0500,19.4,57.3,8.06,,,2025-02-21 23:37:05
2025-02-20T04:51:00-0500,19.94,56.46,6.91,,2503.0,2025-02-21 23:37:05
2025-02-20T04:55:00-0500,19.4,57.3,6.91,,1.0,2025-02-21 23:37:05
2025-02-20T05:00:00-0500,19.4,57.3,8.06,,,2025-02-21 23:37:05
2025-02-20T05:05:00-0500,19.4,57.3,5.75,,,2025-02-21 23:37:05
2025-02-20T05:10:00-0500,19.4,57.3,5.75,,,2025-02-21 23:37:05
2025-02-20T05:15:00-0500,19.4,57.3,5.75,,,2025-02-21 23:37:05
2025-02-20T05:20:00-0500,19.4,57.3,5.75,,,2025-02-21 23:37:05
2025-02-20T05:25:00-0500,19.4,57.3,4.6,,,2025-02-21 23:37:05
2025-02-20T05:30:00-0500,19.4,57.3,4.6,,,2025-02-21 23:37:05
2025-02-20T05:35:00-0500,19.4,57.3,3.45,,,2025-02-21 23:37:05
2025-02-20T05:40:00-0500,19.4,57.3,5.75,,,2025-02-21 23:37:05
2025-02-20T05:45:00-0500,21.2,53.07,6.91,,,2025-02-21 23:37:05
2025-02-20T05:50:00-0500,21.2,53.07,10.36,,,2025-02-21 23:37:05
2025-02-20T05:51:00-0500,19.94,56.46,9.21,,2502.0,2025-02-21 23:37:05
2025-02-20T05:55:00-0500,19.4,57.3,10.36,,1.0,2025-02-21 23:37:05
2025-02-20T06:00:00-0500,19.4,57.3,11.51,,1.0,2025-02-21 23:37:05
2025-02-20T06:05:00-0500,19.4,57.3,10.36,,1.0,2025-02-21 23:37:05
2025-02-20T06:10:00-0500,19.4,57.3,12.66,,1.0,2025-02-21 23:37:05
2025-02-20T06:15:00-0500,19.4,57.3,12.66,,1.0,2025-02-21 23:37:05
2025-02-20T06:20:00-0500,19.4,57.3,8.06,,1.0,2025-02-21 23:37:05
2025-02-20T06:25:00-0500,19.4,57.3,12.66,,1.0,2025-02-21 23:37:05
2025-02-20T06:30:00-0500,19.4,57.3,10.36,,1.0,2025-02-21 23:37:05
2025-02-20T06:35:00-0500,19.4,57.3,10.36,,1.0,2025-02-21 23:37:05
2025-02-20T06:40:00-0500,19.4,57.3,11.51,,1.0,2025-02-21 23:37:05
2025-02-20T06:45:00-0500,19.4,57.3,12.66,,1.0,2025-02-21 23:37:05
2025-02-20T06:50:00-0500,19.4,57.3,9.21,,306.0,2025-02-21 23:37:05
2025-02-20T06:51:00-0500,19.04,58.68,9.21,,306.0,2025-02-21 23:37:05
2025-02-20T06:55:00-0500,19.4,57.3,9.21,,1.0,2025-02-21 23:37:05
2025-02-20T07:00:00-0500,19.4,57.3,10.36,16.11,1.0,2025-02-21 23:37:05
2025-02-20T07:05:00-0500,19.4,57.3,11.51,,1.0,2025-02-21 23:37:05
2025-02-20T07:10:00-0500,19.4,57.3,10.36,,1.0,2025-02-21 23:37:05
2025-02-20T07:15:00-0500,19.4,57.3,11.51,,1.0,2025-02-21 23:37:05
2025-02-20T07:20:00-0500,19.4,57.3,6.91,,1.0,2025-02-21 23:37:05
2025-02-20T07:25:00-0500,19.4,57.3,8.06,,1.0,2025-02-21 23:37:05
2025-02-20T07:30:00-0500,19.4,57.3,8.06,,1.0,2025-02-21 23:37:05
2025-02-20T07:35:00-0500,19.4,57.3,6.91,,1.0,2025-02-21 23:37:05
2025-02-20T07:40:00-0500,19.4,57.3,5.75,,1.0,2025-02-21 23:37:05
2025-02-20T07:45:00-0500,19.4,62.18,8.06,,1.0,2025-02-21 23:37:05
2025-02-20T07:50:00-0500,19.4,62.18,5.75,,706.0,2025-02-21 23:37:05
2025-02-20T07:51:00-0500,19.94,59.29,6.91,,706.0,2025-02-21 23:37:05
2025-02-20T07:55:00-0500,19.4,62.18,6.91,,1.0,2025-02-21 23:37:05
2025-02-20T08:00:00-0500,21.2,57.58,8.06,,1.0,2025-02-21 23:37:05
2025-02-20T08:05:00-0500,21.2,57.58,11.51,,1.0,2025-02-21 23:37:05
2025-02-20T08:10:00-0500,21.2,57.58,9.21,,1.0,2025-02-21 23:37:05
2025-02-20T08:15:00-0500,21.2,57.58,11.51,,1.0,2025-02-21 23:37:05
2025-02-20T08:20:00-0500,21.2,57.58,9.21,,1.0,2025-02-21 23:37:05
2025-02-20T08:25:00-0500,21.2,57.58,9.21,,1.0,2025-02-21 23:37:05
2025-02-20T08:30:00-0500,21.2,57.58,13.81,,1.0,2025-02-21 23:37:05
2025-02-20T08:35:00-0500,21.2,57.58,14.96,,1.0,2025-02-21 23:37:05
2025-02-20T08:40:00-0500,21.2,57.58,13.81,,1.0,2025-02-21 23:37:05
2025-02-20T08:45:00-0500,21.2,57.58,14.96,,1.0,2025-02-21 23:37:05
2025-02-20T08:50:00-0500,21.2,57.58,11.51,,406.0,2025-02-21 23:37:05
2025-02-20T08:51:00-0500,21.92,54.51,12.66,,406.0,2025-02-21 23:37:05
2025-02-20T08:55:00-0500,21.2,57.58,12.66,18.41,1.0,2025-02-21 23:37:05
2025-02-20T09:00:00-0500,21.2,57.58,11.51,,1.0,2025-02-21 23:37:05
2025-02-20T09:05:00-0500,21.2,57.58,10.36,,1.0,2025-02-21 23:37:05
2025-02-20T09:10:00-0500,21.2,57.58,14.96,,1.0,2025-02-21 23:37:05
2025-02-20T09:15:00-0500,21.2,57.58,13.81,,1.0,2025-02-21 23:37:05
2025-02-20T09:20:00-0500,21.2,57.58,9.21,,1.0,2025-02-21 23:37:05
2025-02-20T09:25:00-0500,21.2,53.07,10.36,,1.0,2025-02-21 23:37:05
2025-02-20T09:30:00-0500,21.2,53.07,10.36,,1.0,2025-02-21 23:37:05
2025-02-20T09:35:00-0500,21.2,53.07,11.51,,1.0,2025-02-21 23:37:05
2025-02-20T09:40:00-0500,21.2,57.58,10.36,,1.0,2025-02-21 23:37:05
2025-02-20T09:45:00-0500,24.8,49.48,11.51,17.26,1.0,2025-02-21 23:37:05
2025-02-20T09:50:00-0500,23.0,49.18,10.36,,406.0,2025-02-21 23:37:05
2025-02-20T09:51:00-0500,23.0,49.58,10.36,,406.0,2025-02-21 23:37:05
2025-02-20T09:55:00-0500,23.0,53.36,9.21,,1.0,2025-02-21 23:37:05
2025-02-20T10:00:00-0500,23.0,53.36,9.21,,1.0,2025-02-21 23:37:05
2025-02-20T10:05:00-0500,23.0,53.36,10.36,16.11,1.0,2025-02-21 23:37:05
2025-02-20T10:10:00-0500,23.0,49.18,10.36,,1.0,2025-02-21 23:37:05
2025-02-20T10:15:00-0500,24.8,49.48,10.36,,1.0,2025-02-21 23:37:05
2025-02-20T10:20:00-0500,24.8,49.48,11.51,,1.0,2025-02-21 23:37:05
2025-02-20T10:25:00-0500,24.8,45.6,12.66,,1.0,2025-02-21 23:37:05
2025-02-20T10:30:00-0500,24.8,45.6,10.36,,1.0,2025-02-21 23:37:05
2025-02-20T10:35:00-0500,24.8,49.48,11.51,,1.0,2025-02-21 23:37:05
2025-02-20T10:40:00-0500,24.8,45.6,13.81,,1.0,2025-02-21 23:37:05
2025-02-20T10:45:00-0500,24.8,45.6,9.21,,1.0,2025-02-21 23:37:05
2025-02-20T10:50:00-0500,26.6,45.92,10.36,,406.0,2025-02-21 23:37:05
2025-02-20T10:51:00-0500,26.06,45.82,8.06,,406.0,2025-02-21 23:37:05
2025-02-20T10:55:00-0500,26.6,45.92,9.21,,1.0,2025-02-21 23:37:05
2025-02-20T11:00:00-0500,26.6,45.92,11.51,,1.0,2025-02-21 23:37:05
2025-02-20T11:05:00-0500,26.6,42.31,6.91,,1.0,2025-02-21 23:37:05
2025-02-20T11:10:00-0500,26.6,45.92,8.06,,1.0,2025-02-21 23:37:05
2025-02-20T11:15:00-0500,26.6,42.31,11.51,17.26,1.0,2025-02-21 23:37:05
2025-02-20T11:20:00-0500,26.6,42.31,8.06,,1.0,2025-02-21 23:37:05
2025-02-20T11:25:00-0500,26.6,42.31,11.51,,1.0,2025-02-21 23:37:05
2025-02-20T11:30:00-0500,26.6,42.31,10.36,,1.0,2025-02-21 23:37:05
2025-02-20T11:35:00-0500,26.6,42.31,12.66,,1.0,2025-02-21 23:37:05
2025-02-20T11:40:00-0500,26.6,45.92,11.51,,1.0,2025-02-21 23:37:05
2025-02-20T11:45:00-0500,26.6,45.92,10.36,,406.0,2025-02-21 23:37:05
2025-02-20T11:50:00-0500,26.6,42.31,10.36,,406.0,2025-02-21 23:37:05
2025-02-20T11:51:00-0500,26.96,42.03,10.36,,406.0,2025-02-21 23:37:05
2025-02-20T11:55:00-0500,26.6,42.31,12.66,,1.0,2025-02-21 23:37:05
2025-02-20T12:00:00-0500,26.6,45.92,14.96,,1.0,2025-02-21 23:37:05
2025-02-20T12:05:00-0500,26.6,42.31,13.81,,1.0,2025-02-21 23:37:05
2025-02-20T12:10:00-0500,26.6,42.31,11.51,18.41,1.0,2025-02-21 23:37:05
2025-02-20T12:15:00-0500,26.6,45.92,11.51,17.26,1.0,2025-02-21 23:37:05
2025-02-20T12:20:00-0500,28.4,42.63,16.11,,1.0,2025-02-21 23:37:05
2025-02-20T12:25:00-0500,28.4,42.63,11.51,,1.0,2025-02-21 23:37:05
2025-02-20T12:30:00-0500,28.4,39.29,13.81,,1.0,2025-02-21 23:37:05
2025-02-20T12:35:00-0500,28.4,42.63,11.51,,1.0,2025-02-21 23:37:05
2025-02-20T12:40:00-0500,28.4,42.63,11.51,,1.0,2025-02-21 23:37:05
2025-02-20T12:45:00-0500,28.4,42.63,12.66,,1.0,2025-02-21 23:37:05
2025-02-20T12:50:00-0500,28.4,42.63,10.36,,406.0,2025-02-21 23:37:05
2025-02-20T12:51:00-0500,28.04,42.22,11.51,,406.0,2025-02-21 23:37:05
2025-02-20T12:55:00-0500,28.4,42.63,12.66,,1.0,2025-02-21 23:37:05
2025-02-20T13:00:00-0500,28.4,39.29,17.26,,1.0,2025-02-21 23:37:05
2025-02-20T13:05:00-0500,28.4,42.63,11.51,,1.0,2025-02-21 23:37:05
2025-02-20T13:10:00-0500,28.4,42.63,12.66,,1.0,2025-02-21 23:37:05
2025-02-20T13:15:00-0500,28.4,42.63,13.81,,1206.0,2025-02-21 23:37:05
2025-02-20T13:20:00-0500,30.2,39.61,13.81,,1106.0,2025-02-21 23:37:05
2025-02-20T13:25:00-0500,30.2,39.61,17.26,,1002.0,2025-02-21 23:37:05
2025-02-20T13:30:00-0500,28.4,39.29,14.96,,1002.0,2025-02-21 23:37:05
2025-02-20T13:35:00-0500,28.4,39.29,11.51,,1002.0,2025-02-21 23:37:05
2025-02-20T13:40:00-0500,28.4,42.63,13.81,,1102.0,2025-02-21 23:37:05
2025-02-20T13:45:00-0500,28.4,39.29,11.51,17.26,1103.0,2025-02-21 23:37:05
2025-02-20T13:50:00-0500,28.4,42.63,11.51,,406.0,2025-02-21 23:37:05
2025-02-20T13:51:00-0500,28.94,40.69,11.51,21.86,406.0,2025-02-21 23:37:05
2025-02-20T13:55:00-0500,28.4,42.63,14.96,,1006.0,2025-02-21 23:37:05
2025-02-20T14:00:00-0500,28.4,42.63,16.11,,1203.0,2025-02-21 23:37:05
2025-02-20T14:05:00-0500,28.4,42.63,14.96,,1203.0,2025-02-21 23:37:05
2025-02-20T14:10:00-0500,28.4,42.63,12.66,19.56,1103.0,2025-02-21 23:37:05
2025-02-20T14:15:00-0500,28.4,42.63,12.66,,1003.0,2025-02-21 23:37:05
2025-02-20T14:20:00-0500,28.4,42.63,17.26,,456.0,2025-02-21 23:37:05
2025-02-20T14:25:00-0500,28.4,42.63,13.81,,456.0,2025-02-21 23:37:05
2025-02-20T14:30:00-0500,28.4,42.63,14.96,21.86,953.0,2025-02-21 23:37:05
2025-02-20T14:35:00-0500,28.4,42.63,16.11,,466.0,2025-02-21 23:37:05
2025-02-20T14:40:00-0500,28.4,42.63,10.36,16.11,462.0,2025-02-21 23:37:05
2025-02-20T14:45:00-0500,30.2,39.61,16.11,,462.0,2025-02-21 23:37:05
2025-02-20T14:50:00-0500,28.4,42.63,11.51,,453.0,2025-02-21 23:37:05
2025-02-20T14:51:00-0500,28.94,42.38,12.66,,453.0,2025-02-21 23:37:05
2025-02-20T14:55:00-0500,28.4,46.23,16.11,21.86,453.0,2025-02-21 23:37:05
2025-02-20T15:00:00-0500,28.4,46.23,18.41,,453.0,2025-02-21 23:37:05
2025-02-20T15:05:00-0500,28.4,42.63,14.96,,454.0,2025-02-21 23:37:05
2025-02-20T15:10:00-0500,30.2,39.61,17.26,,454.0,2025-02-21 23:37:05
2025-02-20T15:15:00-0500,28.4,42.63,17.26,,454.0,2025-02-21 23:37:05
2025-02-20T15:20:00-0500,28.4,42.63,13.81,,454.0,2025-02-21 23:37:05
2025-02-20T15:25:00-0500,28.4,42.63,12.66,20.71,453.0,2025-02-21 23:37:05
2025-02-20T15:30:00-0500,28.4,42.63,13.81,21.86,453.0,2025-02-21 23:37:05
2025-02-20T15:35:00-0500,28.4,42.63,16.11,,463.0,2025-02-21 23:37:05
2025-02-20T15:40:00-0500,28.4,42.63,14.96,,463.0,2025-02-21 23:37:05
2025-02-20T15:45:00-0500,28.4,46.23,14.96,21.86,463.0,2025-02-21 23:37:05
2025-02-20T15:50:00-0500,28.4,42.63,17.26,,463.0,2025-02-21 23:37:05
2025-02-20T15:51:00-0500,28.04,43.98,17.26,25.32,463.0,2025-02-21 23:37:05
2025-02-20T15:55:00-0500,28.4,46.23,17.26,,382.0,2025-02-21 23:37:05
2025-02-20T16:00:00-0500,28.4,46.23,19.56,,383.0,2025-02-21 23:37:05
2025-02-20T16:05:00-0500,28.4,50.09,17.26,,363.0,2025-02-21 23:37:05
2025-02-20T16:10:00-0500,28.4,50.09,16.11,24.17,343.0,2025-02-21 23:37:05
2025-02-20T16:15:00-0500,28.4,50.09,19.56,29.92,363.0,2025-02-21 23:37:05
2025-02-20T16:20:00-0500,28.4,50.09,16.11,,363.0,2025-02-21 23:37:05
2025-02-20T16:25:00-0500,26.6,53.94,20.71,,383.0,2025-02-21 23:37:05
2025-02-20T16:30:00-0500,26.6,53.94,18.41,,363.0,2025-02-21 23:37:05
2025-02-20T16:35:00-0500,26.6,53.94,17.26,,383.0,2025-02-21 23:37:05
2025-02-20T16:40:00-0500,26.6,53.94,16.11,,352.0,2025-02-21 23:37:05
2025-02-20T16:45:00-0500,26.6,53.94,18.41,,352.0,2025-02-21 23:37:05
2025-02-20T16:50:00-0500,26.6,53.94,17.26,,356.0,2025-02-21 23:37:05
2025-02-20T16:51:00-0500,26.96,54.87,18.41,27.62,356.0,2025-02-21 23:37:05
2025-02-20T16:55:00-0500,26.6,53.94,18.41,,383.0,2025-02-21 23:37:05
2025-02-20T17:00:00-0500,26.6,58.41,17.26,,383.0,2025-02-21 23:37:05
2025-02-20T17:05:00-0500,26.6,53.94,19.56,25.32,346.0,2025-02-21 23:37:05
2025-02-20T17:10:00-0500,26.6,58.41,16.11,,403.0,2025-02-21 23:37:05
2025-02-20T17:15:00-0500,26.6,58.41,18.41,,353.0,2025-02-21 23:37:05
2025-02-20T17:20:00-0500,24.8,58.14,17.26,,313.0,2025-02-21 23:37:05
2025-02-20T17:25:00-0500,24.8,62.95,17.26,,313.0,2025-02-21 23:37:05
2025-02-20T17:30:00-0500,24.8,62.95,17.26,,293.0,2025-02-21 23:37:05
2025-02-20T17:35:00-0500,24.8,62.95,18.41,26.47,273.0,2025-02-21 23:37:05
2025-02-20T17:40:00-0500,24.8,62.95,16.11,26.47,206.0,2025-02-21 23:37:05
2025-02-20T17:45:00-0500,24.8,62.95,17.26,,186.0,2025-02-21 23:37:05
2025-02-20T17:50:00-0500,24.8,68.11,13.81,21.86,233.0,2025-02-21 23:37:05
2025-02-20T17:51:00-0500,24.98,65.51,14.96,,233.0,2025-02-21 23:37:05
2025-02-20T17:55:00-0500,24.8,68.11,16.11,,213.0,2025-02-21 23:37:05
2025-02-20T17:59:00-0500,24.98,68.13,13.81,25.32,66.0,2025-02-21 23:37:05
2025-02-20T18:00:00-0500,24.8,68.11,14.96,,66.0,2025-02-21 23:37:05
2025-02-20T18:05:00-0500,24.8,68.11,16.11,,193.0,2025-02-21 23:37:05
2025-02-20T18:10:00-0500,24.8,68.11,17.26,,193.0,2025-02-21 23:37:05
2025-02-20T18:15:00-0500,24.8,68.11,17.26,,193.0,2025-02-21 23:37:05
2025-02-20T18:20:00-0500,24.8,68.11,16.11,21.86,193.0,2025-02-21 23:37:05
2025-02-20T18:25:00-0500,24.8,68.11,17.26,,186.0,2025-02-21 23:37:05
2025-02-20T18:30:00-0500,24.8,68.11,17.26,,186.0,2025-02-21 23:37:05
2025-02-20T18:35:00-0500,24.8,68.11,16.11,21.86,186.0,2025-02-21 23:37:05
2025-02-20T18:40:00-0500,24.8,68.11,19.56,,244.0,2025-02-21 23:37:05
2025-02-20T18:45:00-0500,24.8,68.11,23.02,,216.0,2025-02-21 23:37:05
2025-02-20T18:50:00-0500,24.8,68.11,23.02,31.07,66.0,2025-02-21 23:37:05
2025-02-20T18:51:00-0500,24.98,68.13,23.02,34.52,66.0,2025-02-21 23:37:05
2025-02-20T18:55:00-0500,24.8,68.11,20.71,27.62,216.0,2025-02-21 23:37:05
2025-02-20T19:00:00-0500,24.8,68.11,21.86,,216.0,2025-02-21 23:37:05
2025-02-20T19:05:00-0500,24.8,68.11,21.86,,216.0,2025-02-21 23:37:05
2025-02-20T19:10:00-0500,24.8,68.11,23.02,,216.0,2025-02-21 23:37:05
2025-02-20T19:15:00-0500,24.8,68.11,19.56,,216.0,2025-02-21 23:37:05
2025-02-20T19:20:00-0500,24.8,68.11,18.41,24.17,216.0,2025-02-21 23:37:05
2025-02-20T19:25:00-0500,24.8,68.11,18.41,24.17,216.0,2025-02-21 23:37:05
2025-02-20T19:30:00-0500,24.8,68.11,18.41,24.17,264.0,2025-02-21 23:37:05
2025-02-20T19:35:00-0500,24.8,68.11,17.26,,244.0,2025-02-21 23:37:05
2025-02-20T19:40:00-0500,24.8,68.11,20.71,,244.0,2025-02-21 23:37:05
2025-02-20T19:45:00-0500,24.8,68.11,18.41,,234.0,2025-02-21 23:37:05
2025-02-20T19:50:00-0500,24.8,68.11,18.41,,116.0,2025-02-21 23:37:05
2025-02-20T19:51:00-0500,24.08,70.75,17.26,26.47,116.0,2025-02-21 23:37:05
2025-02-20T19:55:00-0500,24.8,68.11,21.86,29.92,224.0,2025-02-21 23:37:05
2025-02-20T20:00:00-0500,24.8,68.11,23.02,28.77,224.0,2025-02-21 23:37:05
2025-02-20T20:05:00-0500,24.8,68.11,21.86,,224.0,2025-02-21 23:37:05
2025-02-20T20:10:00-0500,24.8,68.11,18.41,24.17,224.0,2025-02-21 23:37:05
2025-02-20T20:15:00-0500,24.8,68.11,18.41,,224.0,2025-02-21 23:37:05
2025-02-20T20:20:00-0500,24.8,68.11,14.96,20.71,224.0,2025-02-21 23:37:05
2025-02-20T20:25:00-0500,24.8,68.11,18.41,24.17,244.0,2025-02-21 23:37:05
2025-02-20T20:30:00-0500,24.8,68.11,19.56,,264.0,2025-02-21 23:37:05
2025-02-20T20:35:00-0500,24.8,68.11,21.86,28.77,264.0,2025-02-21 23:37:05
2025-02-20T20:40:00-0500,24.8,68.11,19.56,,264.0,2025-02-21 23:37:05
2025-02-20T20:45:00-0500,24.8,68.11,21.86,,254.0,2025-02-21 23:37:05
2025-02-20T20:50:00-0500,24.8,68.11,20.71,27.62,156.0,2025-02-21 23:37:05
2025-02-20T20:51:00-0500,24.08,68.02,20.71,31.07,156.0,2025-02-21 23:37:05
2025-02-20T20:55:00-0500,24.8,62.95,21.86,,253.0,2025-02-21 23:37:05
2025-02-20T21:00:00-0500,24.8,62.95,23.02,29.92,253.0,2025-02-21 23:37:05
2025-02-20T21:05:00-0500,24.8,62.95,21.86,27.62,253.0,2025-02-21 23:37:05
2025-02-20T21:10:00-0500,24.8,62.95,23.02,29.92,253.0,2025-02-21 23:37:05
2025-02-20T21:15:00-0500,23.0,62.7,20.71,26.47,253.0,2025-02-21 23:37:05
2025-02-20T21:20:00-0500,24.8,62.95,24.17,32.22,253.0,2025-02-21 23:37:05
2025-02-20T21:25:00-0500,23.0,62.7,25.32,,253.0,2025-02-21 23:37:05
2025-02-20T21:30:00-0500,24.8,62.95,24.17,31.07,253.0,2025-02-21 23:37:05
2025-02-20T21:35:00-0500,24.8,58.14,20.71,26.47,253.0,2025-02-21 23:37:05
2025-02-20T21:40:00-0500,24.8,58.14,19.56,,253.0,2025-02-21 23:37:05
2025-02-20T21:45:00-0500,24.8,58.14,19.56,25.32,253.0,2025-02-21 23:37:05
2025-02-20T21:49:00-0500,24.8,58.14,19.56,,156.0,2025-02-21 23:37:05
2025-02-20T21:50:00-0500,24.8,58.14,18.41,24.17,156.0,2025-02-21 23:37:05
2025-02-20T21:51:00-0500,24.08,61.86,18.41,28.77,156.0,2025-02-21 23:37:05
2025-02-20T21:55:00-0500,24.8,58.14,19.56,25.32,484.0,2025-02-21 23:37:05
2025-02-20T22:00:00-0500,24.8,58.14,21.86,29.92,504.0,2025-02-21 23:37:05
2025-02-20T22:05:00-0500,24.8,58.14,21.86,27.62,554.0,2025-02-21 23:37:05
2025-02-20T22:10:00-0500,24.8,58.14,21.86,29.92,554.0,2025-02-21 23:37:05
2025-02-20T22:15:00-0500,24.8,58.14,20.71,,604.0,2025-02-21 23:37:05
2025-02-20T22:20:00-0500,24.8,58.14,19.56,,604.0,2025-02-21 23:37:05
2025-02-20T22:25:00-0500,24.8,58.14,18.41,26.47,604.0,2025-02-21 23:37:05
2025-02-20T22:30:00-0500,24.8,58.14,19.56,27.62,604.0,2025-02-21 23:37:05
2025-02-20T22:35:00-0500,24.8,53.66,21.86,,603.0,2025-02-21 23:37:05
2025-02-20T22:40:00-0500,24.8,53.66,17.26,,603.0,2025-02-21 23:37:05
2025-02-20T22:45:00-0500,24.8,53.66,20.71,,602.0,2025-02-21 23:37:05
2025-02-20T22:46:00-0500,24.8,53.66,18.41,29.92,602.0,2025-02-21 23:37:05
2025-02-20T22:50:00-0500,24.8,53.66,21.86,32.22,602.0,2025-02-21 23:37:05
2025-02-20T22:51:00-0500,24.08,56.65,21.86,32.22,602.0,2025-02-21 23:37:05
2025-02-20T22:55:00-0500,24.8,53.66,18.41,24.17,602.0,2025-02-21 23:37:05
2025-02-20T23:00:00-0500,24.8,53.66,23.02,,602.0,2025-02-21 23:37:05
2025-02-20T23:05:00-0500,24.8,53.66,20.71,26.47,703.0,2025-02-21 23:37:05
2025-02-20T23:10:00-0500,24.8,53.66,23.02,28.77,653.0,2025-02-21 23:37:05
2025-02-20T23:15:00-0500,24.8,53.66,17.26,,654.0,2025-02-21 23:37:05
2025-02-20T23:20:00-0500,24.8,53.66,20.71,27.62,653.0,2025-02-21 23:37:05
2025-02-20T23:25:00-0500,24.8,53.66,21.86,28.77,704.0,2025-02-21 23:37:05
2025-02-20T23:30:00-0500,24.8,53.66,25.32,32.22,704.0,2025-02-21 23:37:05
2025-02-20T23:35:00-0500,24.8,53.66,21.86,,704.0,2025-02-21 23:37:05
2025-02-20T23:40:00-0500,24.8,53.66,21.86,31.07,704.0,2025-02-21 23:37:05
2025-02-20T23:45:00-0500,24.8,53.66,24.17,31.07,704.0,2025-02-21 23:37:05
2025-02-20T23:50:00-0500,24.8,53.66,20.71,26.47,652.0,2025-02-21 23:37:05
2025-02-20T23:51:00-0500,24.08,54.41,19.56,32.22,652.0,2025-02-21 23:37:05
2025-02-20T23:55:00-0500,24.8,53.66,23.02,28.77,804.0,2025-02-21 23:37:05
2025-02-21T00:00:00-0500,24.8,53.66,20.71,,804.0,2025-02-21 23:37:05
2025-02-21T00:05:00-0500,24.8,53.66,19.56,25.32,804.0,2025-02-21 23:37:05
2025-02-21T00:10:00-0500,24.8,53.66,24.17,,854.0,2025-02-21 23:37:05
2025-02-21T00:15:00-0500,23.0,57.86,24.17,,854.0,2025-02-21 23:37:05
2025-02-21T00:20:00-0500,23.0,57.86,27.62,33.37,854.0,2025-02-21 23:37:05
2025-02-21T00:25:00-0500,23.0,57.86,26.47,32.22,854.0,2025-02-21 23:37:05
2025-02-21T00:30:00-0500,23.0,57.86,24.17,32.22,904.0,2025-02-21 23:37:05
2025-02-21T00:35:00-0500,23.0,57.86,23.02,,904.0,2025-02-21 23:37:05
2025-02-21T00:40:00-0500,23.0,53.36,21.86,27.62,806.0,2025-02-21 23:37:05
2025-02-21T00:45:00-0500,23.0,53.36,20.71,,806.0,2025-02-21 23:37:05
2025-02-21T00:50:00-0500,23.0,53.36,20.71,28.77,806.0,2025-02-21 23:37:05
2025-02-21T00:51:00-0500,23.0,54.24,24.17,33.37,806.0,2025-02-21 23:37:05
2025-02-21T00:55:00-0500,23.0,53.36,18.41,,806.0,2025-02-21 23:37:05
2025-02-21T01:00:00-0500,23.0,53.36,18.41,26.47,806.0,2025-02-21 23:37:05
2025-02-21T01:05:00-0500,23.0,53.36,20.71,27.62,806.0,2025-02-21 23:37:05
2025-02-21T01:10:00-0500,23.0,53.36,23.02,29.92,806.0,2025-02-21 23:37:05
2025-02-21T01:15:00-0500,23.0,53.36,19.56,,956.0,2025-02-21 23:37:05
2025-02-21T01:20:00-0500,23.0,53.36,23.02,,956.0,2025-02-21 23:37:05
2025-02-21T01:25:00-0500,23.0,53.36,21.86,27.62,956.0,2025-02-21 23:37:05
2025-02-21T01:30:00-0500,24.8,53.66,18.41,,956.0,2025-02-21 23:37:05
2025-02-21T01:35:00-0500,24.8,53.66,20.71,31.07,956.0,2025-02-21 23:37:05
2025-02-21T01:40:00-0500,23.0,53.36,19.56,25.32,956.0,2025-02-21 23:37:05
2025-02-21T01:45:00-0500,23.0,53.36,20.71,27.62,956.0,2025-02-21 23:37:05
2025-02-21T01:50:00-0500,23.0,53.36,18.41,,956.0,2025-02-21 23:37:05
2025-02-21T01:51:00-0500,24.08,51.83,20.71,31.07,956.0,2025-02-21 23:37:05
2025-02-21T01:55:00-0500,24.8,49.48,19.56,,1.0,2025-02-21 23:37:05
2025-02-21T02:00:00-0500,23.0,53.36,20.71,,1.0,2025-02-21 23:37:05
2025-02-21T02:05:00-0500,24.8,49.48,19.56,,1.0,2025-02-21 23:37:05
2025-02-21T02:10:00-0500,23.0,53.36,19.56,,1.0,2025-02-21 23:37:05
2025-02-21T02:15:00-0500,23.0,53.36,17.26,28.77,1.0,2025-02-21 23:37:05
2025-02-21T02:20:00-0500,23.0,53.36,14.96,,1.0,2025-02-21 23:37:05
2025-02-21T02:25:00-0500,23.0,53.36,20.71,,1.0,2025-02-21 23:37:05
2025-02-21T02:30:00-0500,23.0,53.36,13.81,20.71,1.0,2025-02-21 23:37:05
2025-02-21T02:35:00-0500,23.0,53.36,21.86,27.62,1.0,2025-02-21 23:37:05
2025-02-21T02:40:00-0500,23.0,53.36,18.41,26.47,1.0,2025-02-21 23:37:05
2025-02-21T02:45:00-0500,23.0,53.36,18.41,25.32,956.0,2025-02-21 23:37:05
2025-02-21T02:50:00-0500,23.0,53.36,18.41,25.32,956.0,2025-02-21 23:37:05
2025-02-21T02:51:00-0500,23.0,54.24,17.26,28.77,956.0,2025-02-21 23:37:05
2025-02-21T02:55:00-0500,23.0,53.36,23.02,29.92,956.0,2025-02-21 23:37:05
2025-02-21T03:00:00-0500,23.0,53.36,20.71,28.77,956.0,2025-02-21 23:37:05
2025-02-21T03:05:00-0500,23.0,53.36,19.56,29.92,956.0,2025-02-21 23:37:05
2025-02-21T03:10:00-0500,23.0,53.36,21.86,28.77,956.0,2025-02-21 23:37:05
2025-02-21T03:15:00-0500,23.0,53.36,20.71,27.62,956.0,2025-02-21 23:37:05
2025-02-21T03:20:00-0500,23.0,53.36,18.41,,956.0,2025-02-21 23:37:05
2025-02-21T03:25:00-0500,23.0,53.36,18.41,,956.0,2025-02-21 23:37:05
2025-02-21T03:30:00-0500,24.8,49.48,18.41,24.17,956.0,2025-02-21 23:37:05
2025-02-21T03:35:00-0500,23.0,53.36,19.56,27.62,956.0,2025-02-21 23:37:05
2025-02-21T03:40:00-0500,23.0,53.36,19.56,,956.0,2025-02-21 23:37:05
2025-02-21T03:45:00-0500,23.0,53.36,19.56,25.32,956.0,2025-02-21 23:37:05
2025-02-21T03:50:00-0500,23.0,53.36,16.11,24.17,956.0,2025-02-21 23:37:05
2025-02-21T03:51:00-0500,23.0,54.24,18.41,25.32,956.0,2025-02-21 23:37:05
2025-02-21T03:55:00-0500,23.0,53.36,16.11,,956.0,2025-02-21 23:37:05
2025-02-21T04:00:00-0500,24.8,49.48,14.96,,956.0,2025-02-21 23:37:05
2025-02-21T04:05:00-0500,23.0,53.36,17.26,,956.0,2025-02-21 23:37:05
2025-02-21T04:10:00-0500,24.8,49.48,23.02,,956.0,2025-02-21 23:37:05
2025-02-21T04:15:00-0500,24.8,53.66,21.86,27.62,956.0,2025-02-21 23:37:05
2025-02-21T04:20:00-0500,24.8,53.66,25.32,33.37,956.0,2025-02-21 23:37:05
2025-02-21T04:25:00-0500,24.8,49.48,25.32,,956.0,2025-02-21 23:37:05
2025-02-21T04:30:00-0500,24.8,49.48,23.02,,956.0,2025-02-21 23:37:05
2025-02-21T04:35:00-0500,24.8,53.66,20.71,,956.0,2025-02-21 23:37:05
2025-02-21T04:40:00-0500,24.8,53.66,23.02,32.22,956.0,2025-02-21 23:37:05
2025-02-21T04:45:00-0500,24.8,49.48,23.02,28.77,956.0,2025-02-21 23:37:05
2025-02-21T04:50:00-0500,24.8,49.48,18.41,27.62,956.0,2025-02-21 23:37:05
2025-02-21T04:51:00-0500,24.08,51.83,18.41,31.07,956.0,2025-02-21 23:37:05
2025-02-21T04:55:00-0500,24.8,49.48,16.11,,956.0,2025-02-21 23:37:05
2025-02-21T05:00:00-0500,24.8,49.48,21.86,31.07,956.0,2025-02-21 23:37:05
2025-02-21T05:05:00-0500,24.8,49.48,17.26,,956.0,2025-02-21 23:37:05
2025-02-21T05:10:00-0500,24.8,49.48,16.11,,956.0,2025-02-21 23:37:05
2025-02-21T05:15:00-0500,24.8,49.48,19.56,27.62,956.0,2025-02-21 23:37:05
2025-02-21T05:20:00-0500,24.8,49.48,19.56,26.47,956.0,2025-02-21 23:37:05
2025-02-21T05:25:00-0500,24.8,49.48,17.26,26.47,956.0,2025-02-21 23:37:05
2025-02-21T05:30:00-0500,24.8,49.48,18.41,25.32,956.0,2025-02-21 23:37:05
2025-02-21T05:35:00-0500,24.8,49.48,17.26,,956.0,2025-02-21 23:37:05
2025-02-21T05:40:00-0500,24.8,49.48,17.26,,956.0,2025-02-21 23:37:05
2025-02-21T05:45:00-0500,24.8,49.48,19.56,,956.0,2025-02-21 23:37:05
2025-02-21T05:50:00-0500,24.8,49.48,19.56,,956.0,2025-02-21 23:37:05
2025-02-21T05:51:00-0500,24.08,51.83,23.02,32.22,2506.0,2025-02-21 23:37:05
2025-02-21T05:55:00-0500,24.8,49.48,21.86,27.62,1.0,2025-02-21 23:37:05
2025-02-21T06:00:00-0500,24.8,49.48,23.02,,1.0,2025-02-21 23:37:05
2025-02-21T06:05:00-0500,24.8,49.48,19.56,25.32,1.0,2025-02-21 23:37:05
2025-02-21T06:10:00-0500,24.8,49.48,20.71,31.07,1.0,2025-02-21 23:37:05
2025-02-21T06:15:00-0500,24.8,49.48,20.71,,1.0,2025-02-21 23:37:05
2025-02-21T06:20:00-0500,24.8,49.48,20.71,26.47,1.0,2025-02-21 23:37:05
2025-02-21T06:25:00-0500,24.8,53.66,19.56,25.32,1.0,2025-02-21 23:37:05
2025-02-21T06:30:00-0500,24.8,49.48,17.26,25.32,1.0,2025-02-21 23:37:05
2025-02-21T06:35:00-0500,24.8,49.48,24.17,29.92,1.0,2025-02-21 23:37:05
2025-02-21T06:40:00-0500,24.8,49.48,21.86,28.77,1.0,2025-02-21 23:37:05
2025-02-21T06:45:00-0500,24.8,49.48,21.86,,1.0,2025-02-21 23:37:05
2025-02-21T06:50:00-0500,24.8,49.48,21.86,,1006.0,2025-02-21 23:37:05
2025-02-21T06:51:00-0500,24.08,51.83,19.56,32.22,1006.0,2025-02-21 23:37:05
2025-02-21T06:55:00-0500,24.8,49.48,17.26,,1.0,2025-02-21 23:37:05
2025-02-21T07:00:00-0500,24.8,49.48,18.41,26.47,1.0,2025-02-21 23:37:05
2025-02-21T07:05:00-0500,24.8,49.48,17.26,,1.0,2025-02-21 23:37:05
2025-02-21T07:10:00-0500,24.8,49.48,18.41,27.62,1.0,2025-02-21 23:37:05
2025-02-21T07:15:00-0500,24.8,49.48,21.86,32.22,1.0,2025-02-21 23:37:05
2025-02-21T07:20:00-0500,24.8,49.48,24.17,29.92,1.0,2025-02-21 23:37:05
2025-02-21T07:25:00-0500,24.8,49.48,19.56,26.47,1.0,2025-02-21 23:37:05
2025-02-21T07:30:00-0500,24.8,49.48,21.86,28.77,1.0,2025-02-21 23:37:05
2025-02-21T07:35:00-0500,24.8,49.48,21.86,27.62,1.0,2025-02-21 23:37:05
2025-02-21T07:40:00-0500,24.8,49.48,25.32,31.07,1.0,2025-02-21 23:37:05
2025-02-21T07:45:00-0500,24.8,49.48,21.86,31.07,606.0,2025-02-21 23:37:05
2025-02-21T07:50:00-0500,24.8,49.48,18.41,,606.0,2025-02-21 23:37:05
2025-02-21T07:51:00-0500,24.08,49.77,16.11,32.22,606.0,2025-02-21 23:37:05
2025-02-21T07:55:00-0500,24.8,49.48,16.11,24.17,1.0,2025-02-21 23:37:05
2025-02-21T08:00:00-0500,24.8,49.48,19.56,26.47,1.0,2025-02-21 23:37:05
2025-02-21T08:05:00-0500,24.8,49.48,23.02,35.67,1.0,2025-02-21 23:37:05
2025-02-21T08:10:00-0500,24.8,49.48,24.17,,1.0,2025-02-21 23:37:05
2025-02-21T08:15:00-0500,24.8,49.48,24.17,31.07,1.0,2025-02-21 23:37:05
2025-02-21T08:20:00-0500,24.8,49.48,21.86,29.92,1.0,2025-02-21 23:37:05
2025-02-21T08:25:00-0500,24.8,53.66,26.47,39.13,1.0,2025-02-21 23:37:05
2025-02-21T08:30:00-0500,24.8,49.48,28.77,36.82,1.0,2025-02-21 23:37:05
2025-02-21T08:35:00-0500,24.8,49.48,21.86,,1.0,2025-02-21 23:37:05
2025-02-21T08:40:00-0500,24.8,49.48,21.86,,1.0,2025-02-21 23:37:05
2025-02-21T08:45:00-0500,24.8,49.48,23.02,34.52,1.0,2025-02-21 23:37:05
2025-02-21T08:50:00-0500,24.8,49.48,23.02,31.07,366.0,2025-02-21 23:37:05
2025-02-21T08:51:00-0500,24.98,49.92,23.02,36.82,366.0,2025-02-21 23:37:05
2025-02-21T08:55:00-0500,26.6,45.92,23.02,28.77,1.0,2025-02-21 23:37:05
2025-02-21T09:00:00-0500,26.6,45.92,21.86,29.92,1.0,2025-02-21 23:37:05
2025-02-21T09:05:00-0500,26.6,45.92,28.77,34.52,1.0,2025-02-21 23:37:05
2025-02-21T09:10:00-0500,26.6,45.92,25.32,,1.0,2025-02-21 23:37:05
2025-02-21T09:15:00-0500,26.6,45.92,24.17,29.92,1.0,2025-02-21 23:37:05
2025-02-21T09:20:00-0500,26.6,49.79,25.32,,1.0,2025-02-21 23:37:05
2025-02-21T09:25:00-0500,26.6,45.92,24.17,,1.0,2025-02-21 23:37:05
2025-02-21T09:30:00-0500,26.6,49.79,24.17,,1.0,2025-02-21 23:37:05
2025-02-21T09:35:00-0500,26.6,49.79,16.11,24.17,1.0,2025-02-21 23:37:05
2025-02-21T09:40:00-0500,26.6,49.79,23.02,28.77,1.0,2025-02-21 23:37:05
2025-02-21T09:45:00-0500,26.6,49.79,24.17,31.07,1.0,2025-02-21 23:37:05
2025-02-21T09:50:00-0500,26.6,49.79,25.32,32.22,386.0,2025-02-21 23:37:05
2025-02-21T09:51:00-0500,26.96,48.27,26.47,37.98,386.0,2025-02-21 23:37:05
2025-02-21T09:55:00-0500,26.6,49.79,18.41,26.47,1.0,2025-02-21 23:37:05
2025-02-21T10:00:00-0500,26.6,49.79,27.62,34.52,1.0,2025-02-21 23:37:05
2025-02-21T10:05:00-0500,26.6,45.92,24.17,31.07,1.0,2025-02-21 23:37:05
2025-02-21T10:10:00-0500,28.4,46.23,21.86,31.07,1.0,2025-02-21 23:37:05
2025-02-21T10:15:00-0500,28.4,46.23,23.02,29.92,1.0,2025-02-21 23:37:05
2025-02-21T10:20:00-0500,28.4,46.23,20.71,28.77,1.0,2025-02-21 23:37:05
2025-02-21T10:25:00-0500,28.4,46.23,19.56,25.32,1.0,2025-02-21 23:37:05
2025-02-21T10:30:00-0500,28.4,46.23,25.32,,1.0,2025-02-21 23:37:05
2025-02-21T10:35:00-0500,28.4,42.63,21.86,28.77,1.0,2025-02-21 23:37:05
2025-02-21T10:40:00-0500,28.4,46.23,14.96,21.86,1.0,2025-02-21 23:37:05
2025-02-21T10:45:00-0500,28.4,46.23,17.26,,1.0,2025-02-21 23:37:05
2025-02-21T10:50:00-0500,28.4,46.23,19.56,,426.0,2025-02-21 23:37:05
2025-02-21T10:51:00-0500,28.94,44.49,18.41,27.62,426.0,2025-02-21 23:37:05
2025-02-21T10:55:00-0500,28.4,42.63,21.86,,1.0,2025-02-21 23:37:05
2025-02-21T11:00:00-0500,28.4,42.63,17.26,,1.0,2025-02-21 23:37:05
2025-02-21T11:51:00-0500,30.92,41.04,24.17,33.37,466.0,2025-02-21 23:37:05
2025-02-21T12:51:00-0500,32.0,39.29,23.02,33.37,506.0,2025-02-21 23:37:05
2025-02-21T13:51:00-0500,33.98,37.77,21.86,34.52,506.0,2025-02-21 23:37:05
2025-02-21T14:51:00-0500,35.06,33.1,21.86,35.67,606.0,2025-02-21 23:37:05
2025-02-21T15:00:00-0500,35.6,34.57,19.56,25.32,1.0,2025-02-21 23:37:05
2025-02-21T15:05:00-0500,35.6,34.57,24.17,,1.0,2025-02-21 23:37:05
2025-02-21T15:10:00-0500,35.6,34.57,24.17,,1.0,2025-02-21 23:37:05
2025-02-21T15:15:00-0500,35.6,31.88,25.32,34.52,1.0,2025-02-21 23:37:05
2025-02-21T15:20:00-0500,35.6,34.57,24.17,,1.0,2025-02-21 23:37:05
2025-02-21T15:25:00-0500,35.6,34.57,27.62,34.52,1.0,2025-02-21 23:37:05
2025-02-21T15:30:00-0500,35.6,34.57,21.86,32.22,1.0,2025-02-21 23:37:05
2025-02-21T15:35:00-0500,35.6,31.88,26.47,,1.0,2025-02-21 23:37:05
2025-02-21T15:40:00-0500,35.6,34.57,24.17,,1.0,2025-02-21 23:37:05
2025-02-21T15:45:00-0500,35.6,31.88,21.86,29.92,1.0,2025-02-21 23:37:05
2025-02-21T15:50:00-0500,35.6,34.57,20.71,,1.0,2025-02-21 23:37:05
2025-02-21T15:51:00-0500,35.06,34.75,20.71,33.37,606.0,2025-02-21 23:37:05
2025-02-21T15:55:00-0500,35.6,31.88,21.86,,1.0,2025-02-21 23:37:05
2025-02-21T16:00:00-0500,35.6,34.57,18.41,,1.0,2025-02-21 23:37:05
2025-02-21T16:05:00-0500,35.6,31.88,25.32,34.52,1.0,2025-02-21 23:37:05
2025-02-21T16:10:00-0500,35.6,31.88,23.02,35.67,1.0,2025-02-21 23:37:05
2025-02-21T16:15:00-0500,35.6,31.88,20.71,27.62,1.0,2025-02-21 23:37:05
2025-02-21T16:20:00-0500,35.6,31.88,20.71,26.47,1.0,2025-02-21 23:37:05
2025-02-21T16:25:00-0500,35.6,31.88,23.02,34.52,1.0,2025-02-21 23:37:05
2025-02-21T16:30:00-0500,33.8,34.25,26.47,,1.0,2025-02-21 23:37:05
2025-02-21T16:35:00-0500,33.8,37.14,23.02,,1.0,2025-02-21 23:37:05
2025-02-21T16:40:00-0500,33.8,37.14,20.71,26.47,1.0,2025-02-21 23:37:05
2025-02-21T16:45:00-0500,33.8,37.14,19.56,,1.0,2025-02-21 23:37:05
2025-02-21T16:50:00-0500,33.8,37.14,23.02,28.77,1.0,2025-02-21 23:37:05
2025-02-21T16:51:00-0500,33.98,36.28,23.02,29.92,606.0,2025-02-21 23:37:05
2025-02-21T16:55:00-0500,33.8,34.25,23.02,,1.0,2025-02-21 23:37:05
2025-02-21T17:00:00-0500,33.8,37.14,23.02,,1.0,2025-02-21 23:37:05
2025-02-21T17:05:00-0500,33.8,37.14,20.71,26.47,1.0,2025-02-21 23:37:05
2025-02-21T17:10:00-0500,33.8,37.14,23.02,32.22,1.0,2025-02-21 23:37:05
2025-02-21T17:25:00-0500,33.8,37.14,19.56,,1.0,2025-02-21 23:37:05
2025-02-21T17:30:00-0500,32.0,39.92,16.11,,1.0,2025-02-21 23:37:05
2025-02-21T17:35:00-0500,32.0,39.92,14.96,,1.0,2025-02-21 23:37:05
2025-02-21T17:40:00-0500,32.0,39.92,17.26,25.32,1.0,2025-02-21 23:37:05
2025-02-21T17:45:00-0500,32.0,39.92,20.71,,1.0,2025-02-21 23:37:05
2025-02-21T17:50:00-0500,32.0,36.82,20.71,,1.0,2025-02-21 23:37:05
2025-02-21T17:51:00-0500,32.0,39.29,20.71,,1.0,2025-02-21 23:37:05
2025-02-21T17:55:00-0500,32.0,39.92,18.41,25.32,1.0,2025-02-21 23:37:05
2025-02-21T18:00:00-0500,32.0,39.92,19.56,,1.0,2025-02-21 23:37:05
2025-02-21T18:05:00-0500,30.2,42.95,20.71,27.62,1.0,2025-02-21 23:37:05
2025-02-21T18:10:00-0500,30.2,42.95,24.17,29.92,1.0,2025-02-21 23:37:05
2025-02-21T18:15:00-0500,30.2,42.95,18.41,,1.0,2025-02-21 23:37:05
2025-02-21T18:20:00-0500,30.2,42.95,21.86,,1.0,2025-02-21 23:37:05
2025-02-21T18:25:00-0500,30.2,39.61,24.17,31.07,1.0,2025-02-21 23:37:05
2025-02-21T18:30:00-0500,30.2,39.61,21.86,,1.0,2025-02-21 23:38:23
2025-02-21T18:35:00-0500,30.2,42.95,23.02,,1.0,2025-02-21 23:45:11
2025-02-21T18:40:00-0500,30.2,42.95,21.86,28.77,1.0,2025-02-21 23:51:56
2025-02-21T18:45:00-0500,30.2,39.61,20.71,27.62,1.0,2025-02-21 23:58:45
2025-02-21T18:51:00-0500,30.02,40.55,18.41,31.07,1.0,2025-02-21 23:58:45
2025-02-21T18:50:00-0500,30.2,39.61,19.56,,1.0,2025-02-22 01:16:10
2025-02-21T18:55:00-0500,30.2,39.61,20.71,28.77,1.0,2025-02-22 01:16:10
2025-02-21T19:00:00-0500,30.2,39.61,19.56,27.62,1.0,2025-02-22 01:16:10
2025-02-21T19:05:00-0500,30.2,39.61,19.56,,1.0,2025-02-22 01:16:10
2025-02-21T19:10:00-0500,30.2,39.61,21.86,27.62,1.0,2025-02-22 01:16:10
2025-02-21T19:15:00-0500,28.4,42.63,18.41,24.17,1.0,2025-02-22 01:16:10
2025-02-21T19:20:00-0500,30.2,42.95,17.26,,1.0,2025-02-22 01:16:10
2025-02-21T19:25:00-0500,28.4,46.23,18.41,,1.0,2025-02-22 01:16:10
2025-02-21T19:30:00-0500,28.4,42.63,19.56,26.47,1.0,2025-02-22 01:16:10
2025-02-21T19:35:00-0500,28.4,42.63,16.11,,1.0,2025-02-22 01:16:10
2025-02-21T19:40:00-0500,28.4,42.63,18.41,25.32,1.0,2025-02-22 01:16:10
2025-02-21T19:45:00-0500,28.4,42.63,17.26,,1.0,2025-02-22 01:16:10
2025-02-21T19:50:00-0500,28.4,42.63,18.41,25.32,1.0,2025-02-22 01:16:10
2025-02-21T19:51:00-0500,28.94,42.38,18.41,26.47,1.0,2025-02-22 01:16:10
2025-02-21T19:55:00-0500,28.4,42.63,18.41,32.22,1.0,2025-02-22 01:16:10
2025-02-21T20:00:00-0500,28.4,42.63,20.71,28.77,1.0,2025-02-22 01:16:10
2025-02-21T20:05:00-0500,28.4,42.63,17.26,,1.0,2025-02-22 01:16:10
2025-02-21T20:10:00-0500,28.4,42.63,14.96,,1.0,2025-02-22 02:26:48
2025-02-21T20:15:00-0500,28.4,42.63,20.71,,1.0,2025-02-22 02:26:48
2025-02-21T20:20:00-0500,28.4,42.63,19.56,28.77,1.0,2025-02-22 02:26:48
2025-02-21T20:25:00-0500,28.4,42.63,24.17,,1.0,2025-02-22 02:26:48
2025-02-21T20:30:00-0500,28.4,42.63,27.62,33.37,1.0,2025-02-22 02:26:48
2025-02-21T20:35:00-0500,26.6,45.92,29.92,,1.0,2025-02-22 02:26:48
2025-02-21T20:40:00-0500,26.6,45.92,27.62,33.37,1.0,2025-02-22 02:26:48
2025-02-21T20:45:00-0500,26.6,45.92,19.56,26.47,1.0,2025-02-22 02:26:48
2025-02-21T20:50:00-0500,26.6,45.92,23.02,28.77,1.0,2025-02-22 02:26:48
2025-02-21T20:51:00-0500,26.96,44.14,24.17,33.37,1.0,2025-02-22 02:26:48
2025-02-21T20:55:00-0500,26.6,45.92,25.32,33.37,1.0,2025-02-22 02:26:48
2025-02-21T21:00:00-0500,26.6,45.92,26.47,34.52,1.0,2025-02-22 02:26:48
2025-02-21T21:05:00-0500,26.6,45.92,23.02,31.07,1.0,2025-02-22 02:26:48
2025-02-21T21:10:00-0500,26.6,45.92,21.86,28.77,1.0,2025-02-22 02:26:48
2025-02-21T21:15:00-0500,26.6,45.92,23.02,,1.0,2025-02-22 02:26:48
2025-02-21T21:20:00-0500,26.6,45.92,25.32,,1.0,2025-02-22 02:58:00
2025-02-21T21:25:00-0500,26.6,45.92,25.32,34.52,1.0,2025-02-22 02:58:00
2025-02-21T21:30:00-0500,26.6,45.92,21.86,29.92,1.0,2025-02-22 02:58:00
2025-02-21T21:35:00-0500,26.6,45.92,24.17,31.07,1.0,2025-02-22 02:58:00
2025-02-21T21:40:00-0500,26.6,45.92,20.71,26.47,1.0,2025-02-22 02:58:00
2025-02-21T21:45:00-0500,26.6,45.92,20.71,29.92,1.0,2025-02-22 02:58:00
2025-02-21T21:51:00-0500,26.06,45.82,20.71,29.92,1.0,2025-02-22 02:58:00
2025-02-21T21:50:00-0500,26.6,45.92,20.71,29.92,1.0,2025-02-22 03:17:48
2025-02-21T21:55:00-0500,26.6,45.92,19.56,25.32,1.0,2025-02-22 03:17:48
2025-02-21T22:00:00-0500,26.6,45.92,18.41,29.92,1.0,2025-02-22 03:17:48
2025-02-21T22:05:00-0500,26.6,45.92,17.26,,1.0,2025-02-22 03:17:48
2025-02-21T22:10:00-0500,24.8,49.48,16.11,,1.0,2025-02-22 03:17:48
2025-02-21T22:15:00-0500,24.8,45.6,17.26,,1.0,2025-02-22 03:32:53
2025-02-21T22:20:00-0500,24.8,49.48,18.41,26.47,1.0,2025-02-22 03:32:53
2025-02-21T22:25:00-0500,24.8,49.48,20.71,26.47,1.0,2025-02-22 03:32:53
2025-02-21T22:30:00-0500,24.8,49.48,19.56,,1.0,2025-02-22 03:41:31
2025-02-21T22:35:00-0500,24.8,49.48,20.71,,1.0,2025-02-22 03:48:22
2025-02-21T22:40:00-0500,24.8,49.48,21.86,,1.0,2025-02-22 03:48:22
2025-02-21T22:45:00-0500,24.8,45.6,21.86,,1.0,2025-02-22 03:55:11
2025-02-21T22:50:00-0500,24.8,49.48,21.86,,1.0,2025-02-22 04:11:33
2025-02-21T22:51:00-0500,24.08,49.77,21.86,32.22,1.0,2025-02-22 04:11:33
2025-02-21T22:55:00-0500,24.8,49.48,18.41,24.17,1.0,2025-02-22 04:11:33
2025-02-21T23:00:00-0500,24.8,49.48,19.56,,1.0,2025-02-22 04:11:33
2025-02-21T23:05:00-0500,24.8,49.48,19.56,,1.0,2025-02-22 04:32:22
2025-02-21T23:10:00-0500,24.8,49.48,19.56,26.47,1.0,2025-02-22 04:32:22
2025-02-21T23:15:00-0500,24.8,49.48,19.56,26.47,1.0,2025-02-22 04:32:22
2025-02-21T23:20:00-0500,23.0,53.36,21.86,,1.0,2025-02-22 04:32:22
2025-02-21T23:25:00-0500,23.0,53.36,20.71,,1.0,2025-02-22 04:43:54
2025-02-21T23:30:00-0500,23.0,53.36,19.56,26.47,1.0,2025-02-22 04:43:54
2025-02-21T23:35:00-0500,23.0,53.36,17.26,,1.0,2025-02-22 04:43:54
2025-02-21T23:40:00-0500,23.0,53.36,20.71,,1.0,2025-02-22 04:50:34
2025-02-21T23:45:00-0500,23.0,49.18,17.26,,1.0,2025-02-22 04:57:38
2025-02-21T23:51:00-0500,23.0,49.58,21.86,31.07,1.0,2025-02-22 04:57:38
2025-02-21T23:50:00-0500,23.0,49.18,21.86,29.92,1.0,2025-02-22 05:13:55
2025-02-21T23:55:00-0500,23.0,49.18,19.56,27.62,1.0,2025-02-22 05:13:55
2025-02-22T00:00:00-0500,23.0,49.18,18.41,,1.0,2025-02-22 05:13:55
2025-02-22T00:05:00-0500,21.2,53.07,14.96,,1.0,2025-02-22 05:13:55
2025-02-22T00:10:00-0500,23.0,49.18,16.11,,1.0,2025-02-22 05:29:18
2025-02-22T00:15:00-0500,23.0,49.18,14.96,21.86,1.0,2025-02-22 05:29:18
2025-02-22T00:20:00-0500,23.0,49.18,17.26,,1.0,2025-02-22 05:29:18
2025-02-22T00:25:00-0500,23.0,49.18,17.26,25.32,1.0,2025-02-22 05:37:57
2025-02-22T00:30:00-0500,23.0,49.18,18.41,,1.0,2025-02-22 05:37:57
2025-02-22T00:35:00-0500,23.0,49.18,17.26,,1.0,2025-02-22 05:45:07
2025-02-22T00:40:00-0500,21.2,53.07,16.11,,1.0,2025-02-22 05:52:15
2025-02-22T00:45:00-0500,21.2,53.07,13.81,,1.0,2025-02-22 05:58:48
2025-02-22T00:50:00-0500,23.0,49.18,11.51,17.26,1.0,2025-02-22 05:58:48
2025-02-22T00:51:00-0500,23.0,49.58,13.81,26.47,1.0,2025-02-22 05:58:48
2025-02-22T00:55:00-0500,23.0,49.18,12.66,18.41,1.0,2025-02-22 06:23:54
2025-02-22T01:00:00-0500,23.0,53.36,14.96,,1.0,2025-02-22 06:23:54
2025-02-22T01:05:00-0500,21.2,53.07,17.26,24.17,1.0,2025-02-22 06:23:54
2025-02-22T01:10:00-0500,21.2,53.07,16.11,,1.0,2025-02-22 06:23:54
2025-02-22T01:15:00-0500,21.2,53.07,16.11,,1.0,2025-02-22 06:23:54
2025-02-22T01:20:00-0500,21.2,53.07,13.81,,1.0,2025-02-22 06:41:34
2025-02-22T01:25:00-0500,21.2,53.07,14.96,,1.0,2025-02-22 06:41:34
2025-02-22T01:30:00-0500,21.2,53.07,14.96,,1.0,2025-02-22 06:41:34
2025-02-22T01:35:00-0500,21.2,53.07,16.11,,1.0,2025-02-22 06:49:55
2025-02-22T01:40:00-0500,21.2,53.07,16.11,,1.0,2025-02-22 06:49:55
2025-02-22T01:45:00-0500,21.2,53.07,13.81,,1.0,2025-02-22 06:56:58
2025-02-22T01:51:00-0500,21.92,51.9,14.96,,1.0,2025-02-22 06:56:58
2025-02-22T01:50:00-0500,21.2,53.07,14.96,,1.0,2025-02-22 07:11:26
2025-02-22T01:55:00-0500,21.2,53.07,13.81,,1.0,2025-02-22 07:11:26
2025-02-22T02:00:00-0500,21.2,53.07,14.96,,1.0,2025-02-22 07:11:26
2025-02-22T02:05:00-0500,21.2,53.07,10.36,,1.0,2025-02-22 07:23:15
2025-02-22T02:10:00-0500,23.0,49.18,13.81,,1.0,2025-02-22 07:23:15
2025-02-22T02:15:00-0500,23.0,49.18,12.66,,1.0,2025-02-22 07:23:15
2025-02-22T02:20:00-0500,23.0,49.18,11.51,,1.0,2025-02-22 07:30:08
2025-02-22T02:25:00-0500,23.0,49.18,16.11,,1.0,2025-02-22 07:44:10
2025-02-22T02:30:00-0500,23.0,49.18,14.96,,1.0,2025-02-22 07:44:10
2025-02-22T02:35:00-0500,23.0,49.18,17.26,24.17,1.0,2025-02-22 07:44:10
2025-02-22T02:40:00-0500,23.0,49.18,18.41,,1.0,2025-02-22 07:51:09
2025-02-22T02:45:00-0500,23.0,53.36,14.96,,1.0,2025-02-22 07:57:50
2025-02-22T02:51:00-0500,23.0,49.58,14.96,26.47,1.0,2025-02-22 07:57:50
2025-02-22T02:50:00-0500,23.0,53.36,16.11,,1.0,2025-02-22 08:17:30
2025-02-22T02:55:00-0500,23.0,49.18,16.11,,1.0,2025-02-22 08:17:30
2025-02-22T03:00:00-0500,23.0,49.18,16.11,,1.0,2025-02-22 08:17:30
2025-02-22T03:05:00-0500,23.0,53.36,18.41,24.17,1.0,2025-02-22 08:17:30
2025-02-22T03:10:00-0500,23.0,53.36,13.81,19.56,1.0,2025-02-22 08:17:30
2025-02-22T03:15:00-0500,23.0,53.36,12.66,,1.0,2025-02-22 08:32:30
2025-02-22T03:20:00-0500,23.0,53.36,12.66,,1.0,2025-02-22 08:32:30
2025-02-22T03:25:00-0500,23.0,53.36,12.66,20.71,1.0,2025-02-22 08:42:49
2025-02-22T03:30:00-0500,23.0,53.36,14.96,,1.0,2025-02-22 08:42:49
2025-02-22T03:35:00-0500,23.0,53.36,17.26,,1.0,2025-02-22 08:42:49
2025-02-22T03:40:00-0500,23.0,53.36,12.66,,1.0,2025-02-22 08:49:44
2025-02-22T03:45:00-0500,23.0,53.36,12.66,,1.0,2025-02-22 08:56:45
2025-02-22T03:51:00-0500,23.0,52.08,16.11,,1.0,2025-02-22 08:56:45
2025-02-22T03:50:00-0500,23.0,53.36,16.11,21.86,1.0,2025-02-22 09:13:19
2025-02-22T03:55:00-0500,23.0,53.36,16.11,21.86,1.0,2025-02-22 09:13:19
2025-02-22T04:00:00-0500,24.8,49.48,11.51,17.26,1.0,2025-02-22 09:13:19
2025-02-22T04:05:00-0500,24.8,49.48,16.11,,1.0,2025-02-22 09:13:19
2025-02-22T04:10:00-0500,24.8,49.48,14.96,,1.0,2025-02-22 09:26:39
2025-02-22T04:15:00-0500,23.0,53.36,14.96,,1.0,2025-02-22 09:26:39
2025-02-22T04:20:00-0500,23.0,53.36,16.11,,1.0,2025-02-22 09:34:09
2025-02-22T04:25:00-0500,24.8,49.48,12.66,,1.0,2025-02-22 09:34:09
2025-02-22T04:30:00-0500,24.8,49.48,12.66,,1.0,2025-02-22 09:40:41
2025-02-22T04:35:00-0500,24.8,49.48,14.96,20.71,1.0,2025-02-22 09:47:50
2025-02-22T04:40:00-0500,24.8,49.48,13.81,,1.0,2025-02-22 09:54:52
2025-02-22T04:45:00-0500,24.8,49.48,14.96,,1.0,2025-02-22 10:08:32
2025-02-22T04:50:00-0500,24.8,49.48,11.51,,806.0,2025-02-22 10:08:32
2025-02-22T04:51:00-0500,24.08,51.83,13.81,21.86,806.0,2025-02-22 10:08:32
2025-02-22T05:00:00-0500,24.8,49.48,14.96,,806.0,2025-02-22 10:08:32
2025-02-22T04:55:00-0500,24.8,49.48,13.81,,806.0,2025-02-22 10:29:49
2025-02-22T05:05:00-0500,24.8,49.48,12.66,,806.0,2025-02-22 10:29:49
2025-02-22T05:10:00-0500,24.8,49.48,14.96,,806.0,2025-02-22 10:29:49
2025-02-22T05:15:00-0500,24.8,53.66,14.96,,806.0,2025-02-22 10:29:49
2025-02-22T05:20:00-0500,24.8,53.66,12.66,,806.0,2025-02-22 10:29:49
2025-02-22T05:25:00-0500,24.8,53.66,14.96,,806.0,2025-02-22 10:41:29
2025-02-22T05:30:00-0500,24.8,49.48,10.36,,806.0,2025-02-22 10:41:29
2025-02-22T05:35:00-0500,24.8,49.48,11.51,,,2025-02-22 10:48:31
2025-02-22T05:40:00-0500,24.8,49.48,11.51,,,2025-02-22 10:48:31
2025-02-22T05:45:00-0500,24.8,49.48,10.36,,,2025-02-22 10:55:31
2025-02-22T05:50:00-0500,24.8,49.48,8.06,,,2025-02-22 11:07:55
2025-02-22T05:51:00-0500,24.08,51.83,9.21,,1903.0,2025-02-22 11:07:55
2025-02-22T05:55:00-0500,24.8,49.48,8.06,,1.0,2025-02-22 11:07:55
2025-02-22T06:00:00-0500,24.8,49.48,8.06,,1.0,2025-02-22 11:07:55
2025-02-22T06:05:00-0500,24.8,49.48,6.91,,1.0,2025-02-22 11:19:16
2025-02-22T06:10:00-0500,24.8,49.48,6.91,,1.0,2025-02-22 11:19:16
2025-02-22T06:15:00-0500,24.8,49.48,9.21,,1006.0,2025-02-22 11:26:13
2025-02-22T06:20:00-0500,24.8,49.48,6.91,,1006.0,2025-02-22 11:33:53
2025-02-22T06:25:00-0500,24.8,49.48,8.06,,1006.0,2025-02-22 11:33:53
2025-02-22T06:30:00-0500,24.8,49.48,10.36,,1006.0,2025-02-22 11:40:31
2025-02-22T06:35:00-0500,24.8,49.48,10.36,,1006.0,2025-02-22 11:47:37
2025-02-22T06:40:00-0500,24.8,49.48,9.21,,1006.0,2025-02-22 11:54:37
2025-02-22T06:45:00-0500,24.8,49.48,10.36,,1006.0,2025-02-22 11:54:37
2025-02-22T06:50:00-0500,24.8,49.48,10.36,,1006.0,2025-02-22 12:14:03
2025-02-22T06:51:00-0500,24.08,51.83,10.36,,1006.0,2025-02-22 12:14:03
2025-02-22T06:55:00-0500,24.8,49.48,12.66,,1.0,2025-02-22 12:14:03
2025-02-22T07:00:00-0500,24.8,53.66,12.66,,1.0,2025-02-22 12:14:03
2025-02-22T07:05:00-0500,24.8,53.66,11.51,,1.0,2025-02-22 12:14:03
2025-02-22T07:10:00-0500,24.8,53.66,12.66,18.41,1.0,2025-02-22 12:46:55
2025-02-22T07:15:00-0500,24.8,53.66,12.66,,1.0,2025-02-22 12:46:55
2025-02-22T07:20:00-0500,24.8,53.66,11.51,,1.0,2025-02-22 12:46:55
2025-02-22T07:25:00-0500,24.8,53.66,12.66,,1.0,2025-02-22 12:46:55
2025-02-22T07:30:00-0500,24.8,53.66,10.36,,1.0,2025-02-22 12:46:55
2025-02-22T07:35:00-0500,24.8,53.66,12.66,18.41,1.0,2025-02-22 12:46:55
2025-02-22T07:40:00-0500,26.6,49.79,10.36,,1.0,2025-02-22 13:02:21
2025-02-22T07:45:00-0500,26.6,49.79,12.66,,1.0,2025-02-22 13:02:21
2025-02-22T07:50:00-0500,26.6,49.79,12.66,,806.0,2025-02-22 13:02:21
2025-02-22T07:51:00-0500,26.06,50.1,11.51,,806.0,2025-02-22 13:02:21
2025-02-22T07:55:00-0500,26.6,49.79,11.51,17.26,1.0,2025-02-22 13:23:21
2025-02-22T08:00:00-0500,26.6,49.79,10.36,,1.0,2025-02-22 13:23:21
2025-02-22T08:05:00-0500,26.6,49.79,8.06,,1.0,2025-02-22 13:23:21
2025-02-22T08:10:00-0500,26.6,49.79,9.21,,1.0,2025-02-22 13:23:21
2025-02-22T08:15:00-0500,26.6,49.79,10.36,,1.0,2025-02-22 13:23:21
2025-02-22T08:20:00-0500,26.6,49.79,9.21,,1.0,2025-02-22 13:30:25
2025-02-22T08:25:00-0500,26.6,49.79,9.21,,806.0,2025-02-22 13:37:38
2025-02-22T08:30:00-0500,26.6,49.79,9.21,,806.0,2025-02-22 13:44:27
2025-02-22T08:35:00-0500,26.6,49.79,6.91,,806.0,2025-02-22 13:44:27
2025-02-22T08:40:00-0500,26.6,49.79,11.51,,806.0,2025-02-22 13:51:29
2025-02-22T08:45:00-0500,26.6,49.79,11.51,,806.0,2025-02-22 13:58:11
2025-02-22T08:51:00-0500,28.04,48.06,9.21,,806.0,2025-02-22 13:58:11
2025-02-22T08:50:00-0500,28.4,46.23,8.06,,806.0,2025-02-22 14:13:22
2025-02-22T08:55:00-0500,28.4,46.23,10.36,,806.0,2025-02-22 14:13:22
2025-02-22T09:00:00-0500,28.4,46.23,9.21,,806.0,2025-02-22 14:13:22
2025-02-22T09:05:00-0500,28.4,46.23,8.06,,1206.0,2025-02-22 14:28:04
2025-02-22T09:10:00-0500,28.4,46.23,12.66,,1206.0,2025-02-22 14:28:04
2025-02-22T09:20:00-0500,28.4,50.09,9.21,,1206.0,2025-02-22 14:28:04
2025-02-22T09:45:00-0500,30.2,42.95,6.91,,1206.0,2025-02-22 14:57:15
2025-02-22T09:51:00-0500,30.02,42.57,8.06,,1206.0,2025-02-22 14:57:15
